MaxFitness,MeanFitness,StdDevFitness,MaxComplexity,MeanComplexity,StdDevComplexity,MeanSpeciesChampFitness,StdDevSpeciesChampFitness,MinSpeciesSize,MaxSpeciesSize,SpeciesCount,Generation
1.015267176,0.949247377,0.047463653,20,19.8,0.4,0.969058894,0.039582479,1,6,10,1
1.069565217,0.951224859,0.055200881,20,19.95,0.217944947,0.987013178,0.041037384,1,3,10,2
1.069565217,0.956475771,0.054328311,20,20,0,0.983609007,0.053249238,1,4,10,3
1.069565217,0.939875032,0.058931855,20,20,0,0.974568941,0.054857179,1,4,10,4
1.069565217,0.958327526,0.052055979,20,20,0,0.982035378,0.042954683,1,8,10,5
1.069565217,0.955560907,0.053227463,20,20,0,0.984992963,0.043490634,1,6,10,6
1.069565217,0.978583444,0.047706822,20,20,0,0.989252975,0.046547201,1,4,10,7
1.069565217,0.991870587,0.054943685,20,20,0,0.99978762,0.059978831,1,8,10,8
1.069565217,0.978712596,0.048279567,20,20,0,0.999755239,0.053072654,1,3,10,9
1.069565217,0.98148247,0.049634889,20,20,0,1.008417427,0.029253708,1,4,10,10
1.069565217,0.976804429,0.070320499,20,20,0,1.010976533,0.04419291,1,4,10,11
1.069565217,0.988173452,0.048281158,20,20,0,1.003332785,0.040420238,1,6,10,12
1.076190476,0.992310302,0.070114972,20,20,0,1.016472475,0.076267887,1,4,10,13
1.140625,0.983014344,0.085504101,20,20,0,1.024042321,0.08124371,1,4,10,14
1.151260504,0.996208849,0.081384874,20,19.95,0.217944947,0.999400837,0.10272132,1,5,10,15
1.151260504,0.967171695,0.084206539,20,20,0,1.014933022,0.073553286,1,4,10,16
1.151260504,0.988964023,0.079151013,20,20,0,1.03819472,0.075583519,1,6,10,17
1.151260504,0.992170705,0.067760975,20,20,0,0.99970007,0.091649896,1,5,10,18
1.165137615,1.006936041,0.081714097,20,19.95,0.217944947,1.010901692,0.089782363,1,7,10,19
1.165137615,0.995240735,0.071797884,20,19.9,0.3,1.020983539,0.083176252,1,4,10,20
1.165137615,1.007057658,0.056911271,20,20,0,1.028797068,0.063854382,1,8,10,21
1.165137615,0.994943795,0.066247576,21,20.05,0.217944947,0.996772198,0.071533539,1,6,10,22
1.165137615,0.983858999,0.058829216,21,20.1,0.3,1.020759285,0.058487116,1,4,10,23
1.165137615,0.989595404,0.068437008,21,20.1,0.3,1.019643908,0.074422912,1,4,10,24
1.165137615,1.003321117,0.073930392,21,20.05,0.217944947,1.012115015,0.074812184,1,5,10,25
1.165137615,0.974014558,0.057234516,21,20.1,0.3,0.997541629,0.060261084,1,4,10,26
1.165137615,0.986197242,0.058117584,21,20.1,0.3,1.005990794,0.065748019,1,4,10,27
1.173076923,0.995119749,0.066621198,21,20.1,0.3,1.019375282,0.079574216,1,4,10,28
1.173076923,0.96455885,0.066656923,21,20.2,0.4,0.994247298,0.072569053,1,5,10,29
1.173076923,0.998944401,0.060837101,21,20.2,0.4,1.028297179,0.063203516,1,4,10,30
1.173076923,0.962051813,0.07932214,21,20.25,0.433012702,0.993094053,0.095733492,1,4,10,31
1.173076923,1.002764523,0.065697589,21,20.1,0.3,1.034011727,0.070412052,1,4,10,32
1.173076923,0.991005144,0.069348859,21,20.2,0.4,0.989950682,0.082331128,1,8,10,33
1.173076923,0.978673802,0.072626445,21,20.35,0.476969601,1.013621189,0.06922308,1,7,10,34
1.173076923,0.981084956,0.085753368,21,20.1,0.3,1.003059379,0.084227819,1,4,10,35
1.173076923,0.997013518,0.062136776,21,20.25,0.433012702,1.014403606,0.071820325,1,6,10,36
1.173076923,0.981290669,0.082200562,21,20.2,0.4,1.029884349,0.08057286,1,4,10,37
1.173076923,1.005632972,0.072112592,21,20.2,0.4,1.038064737,0.076809657,1,4,10,38
1.173076923,0.988355554,0.078816369,21,20.1,0.3,0.999017961,0.104444833,1,4,10,39
1.173076923,0.975093039,0.082947976,20,20,0,1.015360834,0.094491017,1,4,10,40
1.173076923,0.985632582,0.065029695,20,20,0,1.016799184,0.068742903,1,4,10,41
1.173076923,0.968158584,0.087292221,20,20,0,0.993632189,0.095831194,1,4,10,42
1.173076923,0.973375874,0.072575642,20,20,0,1.017789011,0.060601396,1,4,10,43
1.173076923,0.989205985,0.061130189,21,20.05,0.217944947,1.012853099,0.071102101,1,4,10,44
1.173076923,1.004829041,0.061668362,21,20.1,0.3,1.032892264,0.061107798,1,4,10,45
1.173076923,1.010795135,0.061484986,20,20,0,1.045382897,0.055024569,1,3,10,46
1.173076923,1.018263225,0.068380538,20,20,0,1.034443216,0.082770829,1,4,10,47
1.173076923,1.019215351,0.067760416,20,20,0,1.043373214,0.069804752,1,5,10,48
1.173076923,0.997939321,0.079365232,20,20,0,1.040526149,0.068522442,1,3,10,49
1.173076923,1.006328072,0.05914399,21,20.05,0.217944947,1.021080442,0.069324074,1,4,10,50
1.173076923,0.996808709,0.067708673,20,20,0,1.037668953,0.06286151,1,6,10,51
1.173076923,0.988479898,0.05334836,20,20,0,1.008117889,0.066426321,1,4,10,52
1.173076923,0.987700842,0.076038023,21,20.05,0.217944947,1.025948202,0.07157864,1,6,10,53
1.173076923,0.956464287,0.05565663,21,20.05,0.217944947,0.962589335,0.068421991,1,6,10,54
1.173076923,0.965375824,0.059836824,21,20.1,0.3,0.98841798,0.043696733,1,6,10,55
1.173076923,0.985212438,0.039128937,21,20.15,0.357071421,0.998863048,0.041916181,1,7,10,56
1.173076923,0.967703717,0.054458343,21,20.1,0.3,0.990559981,0.056221428,1,4,10,57
1.173076923,0.97448677,0.061964877,21,20.1,0.3,1.02282026,0.03164748,1,4,10,58
1.173076923,0.977385185,0.056405375,21,20.15,0.357071421,0.998231059,0.04959719,1,4,10,59
1.173076923,0.975907392,0.073678755,21,20.3,0.458257569,1.018857776,0.064656168,1,6,10,60
1.173076923,0.996817073,0.070206736,21,20.1,0.3,1.022892352,0.066694095,1,5,10,61
1.173076923,0.959622758,0.068428912,21,20.15,0.476969601,0.993906557,0.070475131,1,4,10,62
1.173076923,0.972951264,0.063720014,21,20.15,0.572276157,0.992885425,0.056283952,1,4,10,63
1.173076923,0.971767586,0.078419385,21,20.05,0.497493719,1.005246416,0.083916293,1,6,10,64
1.173076923,0.951354736,0.084588332,21,20.2,0.4,0.9753962,0.089988195,1,4,10,65
1.173076923,0.962042135,0.084346602,21,20.3,0.458257569,0.992105272,0.095146842,1,4,10,66
1.173076923,0.962170428,0.082261245,21,20.2,0.4,1.003532401,0.085034287,1,5,10,67
1.173076923,0.983949468,0.072416907,21,20.2,0.4,1.01328106,0.07523429,1,4,10,68
1.173076923,0.952153532,0.082756231,21,20.3,0.458257569,0.998877186,0.085640942,1,4,10,69
1.173076923,1.004677412,0.072748112,21,20.35,0.476969601,1.015138994,0.095662526,1,5,10,70
1.173076923,0.970248634,0.085397858,21,20.45,0.497493719,1.010258095,0.08910832,1,4,10,71
1.173076923,0.980865783,0.068265806,21,20.4,0.489897949,1.025045405,0.061890712,1,8,10,72
1.173076923,1.013669064,0.052947803,21,20.4,0.489897949,1.041224447,0.046145307,1,4,10,73
1.173076923,1.001749517,0.05753907,21,20.4,0.489897949,1.02472531,0.066580691,1,4,10,74
1.173076923,0.965649006,0.078201218,21,20.5,0.5,0.99901454,0.081935399,1,6,10,75
1.173076923,0.962879192,0.073818189,22,20.75,0.536190265,0.98126707,0.086124364,1,5,10,76
1.173076923,0.964868295,0.074536499,22,20.85,0.653834842,1.00531079,0.07238383,1,4,10,77
1.173076923,0.952631794,0.066737496,22,20.7,0.714142843,0.981812827,0.072437984,1,5,10,78
1.173076923,0.973723624,0.062963483,23,20.8,0.81240384,1.007014851,0.058129342,1,4,10,79
1.173076923,0.959245659,0.078347954,23,20.95,1.023474475,1.002109081,0.070490721,1,4,10,80
1.173076923,0.950267056,0.071103794,23,21.35,1.061838029,0.977961516,0.078522548,1,4,10,81
1.173076923,0.98058833,0.072642345,23,21.25,0.887411967,1.023653865,0.050069945,1,4,10,82
1.173076923,0.987244115,0.084511614,23,21.1,0.943398113,1.012637989,0.093298488,1,5,10,83
1.173076923,1.000230611,0.074635574,23,21.2,0.979795897,1.037794692,0.075904063,1,4,10,84
1.173076923,0.989847857,0.090003108,22,21.05,0.668954408,1.047943316,0.065408749,1,5,10,85
1.173076923,0.997541643,0.084998957,22,20.9,0.538516481,1.030298323,0.078680933,1,5,10,86
1.173076923,0.988019942,0.075255667,22,20.8,0.6,1.032737298,0.06412912,1,4,10,87
1.173076923,0.999760973,0.085353115,22,21.05,0.589491306,1.033734289,0.085046363,1,5,10,88
1.173076923,0.968570689,0.076312789,22,20.85,0.572276157,0.98959712,0.085185055,1,4,10,89
1.173076923,0.982383691,0.072775215,22,20.95,0.739932429,1.030264114,0.057064272,1,5,10,90
1.173076923,1.00712307,0.074052238,22,21.05,0.668954408,1.023107957,0.084233488,1,6,10,91
1.173076923,1.013195611,0.073866289,22,21.2,0.6,1.040109404,0.071146757,1,4,10,92
1.173076923,1.022795596,0.064712363,22,21.15,0.572276157,1.044357983,0.070742253,1,6,10,93
1.173076923,0.981459239,0.088752049,22,21.2,0.6,1.013407613,0.094842306,1,6,10,94
1.173076923,0.996942783,0.073188265,22,21.1,0.768114575,1.043548894,0.06894472,1,4,10,95
1.173076923,1.001772509,0.068209551,22,21.15,0.653834842,1.039588397,0.056321457,1,4,10,96
1.173076923,0.994625441,0.072411555,22,21.25,0.62249498,1.033881755,0.061074174,1,4,10,97
1.173076923,0.998283378,0.077831793,22,21.2,0.748331477,1.042956319,0.06039519,1,6,10,98
1.173076923,1.000452898,0.066201494,22,20.95,0.739932429,1.004038708,0.079210805,1,4,10,99
1.173076923,0.995970079,0.065416898,22,21.1,0.7,1.019768487,0.074717569,1,8,10,100
1.173076923,0.998295462,0.059040467,22,21.15,0.653834842,1.016671342,0.058365183,1,5,10,101
1.173076923,1.006415423,0.050742039,22,20.9,0.7,1.018695413,0.06524916,1,4,10,102
1.173076923,0.987524115,0.064742577,22,21.1,0.7,1.001413295,0.082794634,1,4,10,103
1.173076923,0.99853851,0.068220521,22,21.25,0.536190265,1.01719653,0.066051474,1,10,10,104
1.173076923,0.991177685,0.089074201,22,21.5,0.670820393,1.008218938,0.101595019,1,8,10,105
1.173076923,0.990227765,0.090490331,22,21.15,0.726291952,1.034516001,0.093999742,1,4,10,106
1.173076923,1.009580517,0.077622142,22,21.25,0.62249498,1.02822743,0.090049244,1,5,10,107
1.18,0.971643351,0.095238432,22,21.4,0.663324958,0.983731976,0.106765485,1,4,10,108
1.18,0.988744486,0.084440132,22,21.4,0.663324958,1.006333591,0.100494887,1,5,10,109
1.18,0.99546105,0.093560911,22,21.15,0.726291952,1.01253163,0.100598915,1,4,10,110
1.18,1.00116501,0.084611543,22,21.25,0.62249498,1.031763415,0.091236033,1,4,10,111
1.18,1.009410246,0.086913754,22,21.2,0.6,1.039747136,0.099027738,1,4,10,112
1.18,0.975481876,0.072438829,22,21.25,0.698212002,1.009636474,0.066181333,1,4,10,113
1.18,1.010835267,0.063240024,22,21,0.774596669,1.022846999,0.066630477,1,6,10,114
1.18,1.003657738,0.071034388,23,21.45,0.668954408,1.02492111,0.07617595,1,6,10,115
1.18,1.007861165,0.068443074,23,21.45,0.739932429,1.027338096,0.076670353,1,4,10,116
1.18,1.018467699,0.056517698,23,21.35,0.852936105,1.045415044,0.055407496,1,5,10,117
1.18,1.005961544,0.063930847,23,21.6,0.734846923,1.024739996,0.072980888,1,5,10,118
1.18,1.021794124,0.068288487,23,21.7,0.781024968,1.044367498,0.057820955,1,4,10,119
1.18,0.983649095,0.073856133,23,21.9,0.6244998,1.005881697,0.077983836,1,4,10,120
1.18,0.964030538,0.078191228,23,21.9,0.830662386,0.981766505,0.094070389,1,4,10,121
1.18,0.969094058,0.082920567,23,21.8,0.871779789,0.995747224,0.088357556,1,4,10,122
1.18,0.977790853,0.07729136,23,21.8,0.748331477,1.004242719,0.085585922,1,4,10,123
1.18,1.000109265,0.084354182,23,21.65,0.792148976,1.010153916,0.099125169,1,4,10,124
1.18,0.990989772,0.073249438,23,21.65,0.726291952,1.013164022,0.081527267,1,4,10,125
1.18,0.99888027,0.07558493,23,21.8,0.748331477,0.993373702,0.093315252,1,8,10,126
1.18,0.974072681,0.085904,23,21.6,1.019803903,1.008693212,0.084571981,1,4,10,127
1.18,0.983104445,0.068992664,23,21.9,0.943398113,1.009312806,0.073876603,1,6,10,128
1.18,0.978456822,0.077870013,23,21.5,0.921954446,1.005890276,0.075856053,1,4,10,129
1.18,0.99044,0.076796332,24,21.45,1.203120942,1.005009256,0.088917151,1,6,10,130
1.18,1.008397279,0.066138274,24,22,1.183215957,1.045298813,0.058398723,1,6,10,131
1.18,0.991219085,0.084741354,23,21.85,1.10792599,1.024417134,0.074545161,1,4,10,132
1.18,1.010312487,0.06452027,23,21.8,1.077032961,1.029899824,0.077553665,1,6,10,133
1.18,0.984020634,0.07678379,23,22,1,1.025798468,0.062460375,1,4,10,134
1.18,0.989419508,0.077536689,23,21.9,0.994987437,1.016795842,0.078533292,1,4,10,135
1.18,0.96986216,0.080191531,23,22.05,0.920597632,0.995161023,0.086067825,1,4,10,136
1.18,1.013722616,0.070077776,23,21.85,0.90967027,1.037881185,0.062417532,1,6,10,137
1.18,0.984685206,0.088326428,23,21.9,0.943398113,1.019057048,0.089700132,1,4,10,138
1.18,0.985101839,0.085496381,23,21.6,0.916515139,1.023162776,0.092230371,1,3,10,139
1.18,1.005373383,0.073495568,23,21.6,0.916515139,1.036471347,0.072926888,1,4,10,140
1.18,0.995202989,0.075427555,23,21.7,0.9,1.014451097,0.082028201,1,6,10,141
1.18,1.002868121,0.066659137,24,21.45,1.116915395,1.037808518,0.057800648,1,4,10,142
1.18,0.983198908,0.067397456,23,21.4,0.860232527,1.016006676,0.058895292,1,6,10,143
1.18,1.012155023,0.053308678,23,21.75,0.766485486,1.023574622,0.059888668,1,5,10,144
1.18,0.984830873,0.077851098,24,21.9,0.994987437,1.014052287,0.076844067,1,4,10,145
1.18,0.996824167,0.067282315,23,21.85,0.90967027,1.024292064,0.060862521,1,6,10,146
1.18,0.995406185,0.073953628,23,21.85,0.90967027,1.035704148,0.05234003,1,5,10,147
1.18,1.000932363,0.0566427,23,21.85,0.90967027,1.026512701,0.05695234,1,4,10,148
1.18,1.027204941,0.058750779,23,21.9,0.830662386,1.046196729,0.068291078,1,4,10,149
1.18,0.986894891,0.081922435,23,21.65,1.10792599,1.038889625,0.073117793,1,5,10,150
1.18,1.004600101,0.073661601,23,21.4,1.019803903,1.032331695,0.074899128,1,4,10,151
1.18,1.002445519,0.057606751,23,21.2,1.077032961,1.019497276,0.063559927,1,4,10,152
1.18,1.008583367,0.060660828,23,21.6,1.019803903,1.027495545,0.062355944,1,4,10,153
1.18,1.002495741,0.06601438,23,21.5,1.118033989,1.018240244,0.074079022,1,4,10,154
1.18,1.012815301,0.060966742,24,21.85,1.275735082,1.039791085,0.064773312,1,6,10,155
1.18,1.001877357,0.076116508,23,21.5,1.118033989,1.028825529,0.09501672,1,4,10,156
1.18,1.001016644,0.065319503,23,21.6,1.019803903,1.014925813,0.074933132,1,5,10,157
1.18,0.985787319,0.080490208,23,21.65,1.061838029,1.002713428,0.082970663,1,4,10,158
1.18,1.003608848,0.051134643,23,21.4,0.969535971,1.032602396,0.052502656,1,4,10,159
1.18,0.993763922,0.064047954,23,21.5,0.921954446,1.017573895,0.074298259,1,4,10,160
1.18,1.010651247,0.063538703,23,21.6,1.019803903,1.037932989,0.059013619,1,4,10,161
1.18,1.010788724,0.058644763,23,21.9,0.888819442,1.032207,0.059935781,1,4,10,162
1.18,1.01461312,0.060142307,23,21.85,1.152171862,1.040036648,0.061768341,1,4,10,163
1.18,1.003227012,0.076139565,23,21.65,1.061838029,1.045249887,0.059232051,1,4,10,164
1.18,1.016721041,0.065451639,23,21.8,0.871779789,1.042074426,0.06112241,1,4,10,165
1.18,1.031636218,0.061998179,23,21.55,0.920597632,1.054084069,0.070328465,1,4,10,166
1.18,1.004268442,0.071056358,23,21.85,0.90967027,1.03392419,0.078894997,1,4,10,167
1.18,1.008396408,0.064395034,23,21.65,0.852936105,1.038600921,0.073939412,1,5,10,168
1.18,1.017950942,0.067689431,23,21.55,0.973396117,1.02765648,0.085938954,1,4,10,169
1.18,1.03368447,0.059507152,23,21.75,1.042832681,1.058226698,0.06025469,1,4,10,170
1.18,1.025322559,0.055652854,23,21.7,0.953939201,1.056439809,0.059967889,1,3,10,171
1.18,1.0106448,0.046989312,23,21.95,0.920597632,1.035067369,0.050161791,1,4,10,172
1.181818182,1.010289155,0.07237689,23,21.8,1.077032961,1.036721785,0.050051418,1,4,10,173
1.181818182,1.026766654,0.051305001,23,21.55,1.116915395,1.03294598,0.064417455,1,6,10,174
1.181818182,1.002429646,0.079944437,24,22.05,0.973396117,1.042907098,0.067705978,1,6,10,175
1.181818182,1.002752607,0.06953868,24,21.9,1.260952021,1.034922896,0.060682236,1,4,10,176
1.181818182,1.016430573,0.067132099,24,22,1,1.037895381,0.076782282,1,7,10,177
1.181818182,0.989943393,0.092564319,24,21.85,1.10792599,1.039316483,0.092738692,1,5,10,178
1.181818182,1.005135233,0.074723368,24,22.1,1.3,1.017041799,0.093403288,1,4,10,179
1.181818182,1.007204641,0.068802525,24,22.2,0.979795897,1.033004491,0.075079494,1,4,10,180
1.181818182,0.987426217,0.071993845,24,22.3,1.1,1.021820416,0.072228126,1,6,10,181
1.181818182,1.016145148,0.071377502,24,22.2,1.326649916,1.034474713,0.090041976,1,4,10,182
1.181818182,1.017002302,0.09007043,24,22.3,1.1,1.054557905,0.094437877,1,4,10,183
1.181818182,0.974146962,0.097824593,25,22.35,1.194780315,1.026931434,0.092914139,1,4,10,184
1.181818182,1.017881145,0.061720833,24,22.1,1.090871211,1.041277035,0.073064105,1,5,10,185
1.181818182,1.004007522,0.061061064,24,22.4,1.113552873,1.029408488,0.069107573,1,4,10,186
1.181818182,1.011800997,0.073559164,24,22.5,1.118033989,1.032222693,0.089778735,1,6,10,187
1.181818182,1.000044251,0.062597073,24,22.2,1.36381817,1.026998221,0.069777649,1,4,10,188
1.181818182,0.996393035,0.073901361,24,22.4,1.113552873,1.034080662,0.060008693,1,4,10,189
1.181818182,1.021555194,0.059183509,24,22.4,1.019803903,1.033779981,0.071151607,1,6,10,190
1.181818182,1.024180428,0.069028066,24,22,1.183215957,1.069763575,0.05396463,1,4,10,191
1.181818182,1.026858013,0.069185021,24,22.4,1.019803903,1.061650194,0.061015614,1,4,10,192
1.181818182,1.006393501,0.076386631,24,22.15,1.235920709,1.018597999,0.07878501,1,5,10,193
1.181818182,0.998466726,0.077553171,24,22.5,1.118033989,1.034361836,0.062077333,1,4,10,194
1.181818182,1.009879522,0.076494697,24,22.15,1.314343943,1.047998695,0.08652735,1,5,10,195
1.181818182,0.977452376,0.075528051,24,22.35,1.152171862,1.004923699,0.084242018,1,6,10,196
1.181818182,1.023244669,0.059162319,24,22.7,1.452583905,1.047623068,0.068817929,1,7,10,197
1.181818182,1.03013714,0.057822209,24,21.8,1.4,1.048309616,0.068562324,1,6,10,198
1.181818182,0.998071101,0.059083063,24,21.85,1.351850583,1.015170292,0.070936766,1,4,10,199
1.181818182,1.019715731,0.073374463,24,21.9,0.943398113,1.040698913,0.090418442,1,4,10,200
1.181818182,1.000937172,0.094733067,24,22,0.894427191,1.068010762,0.080328003,1,4,10,201
1.181818182,1.018230759,0.070743463,24,22.1,1.178982612,1.042078927,0.085749923,1,5,10,202
1.181818182,1.019711701,0.072066633,24,21.6,1.019803903,1.053742621,0.067246958,1,4,10,203
1.181818182,1.00081264,0.064453698,24,21.6,1.2,1.010979727,0.083643461,1,6,10,204
1.181818182,0.988963251,0.071777533,24,22.2,1.077032961,1.012343687,0.080037459,1,4,10,205
1.181818182,1.008046314,0.059172089,24,22.4,1.496662955,1.016493447,0.078638171,1,6,10,206
1.181818182,0.99105441,0.062099785,24,22,1.264911064,1.009543612,0.071546393,1,3,10,207
1.181818182,0.989810191,0.071758184,24,22,1.264911064,1.009761945,0.090193226,1,8,10,208
1.181818182,1.001096597,0.072859128,24,21.6,1.496662955,1.014647002,0.076771202,1,6,10,209
1.181818182,0.976046069,0.081650471,22,21.2,0.979795897,1.020656707,0.066447093,1,4,10,210
1.181818182,0.985176346,0.071941058,22,21.6,0.8,0.999003321,0.08651225,1,3,10,211
1.181818182,0.965923875,0.072572062,22,21.6,0.8,1.001200068,0.07547945,1,5,10,212
1.181818182,0.995688079,0.066588213,22,21.4,0.916515139,1.021936852,0.072971105,1,4,10,213
1.181818182,0.982615458,0.070427052,22,21.2,0.979795897,0.998186387,0.079299709,1,4,10,214
1.181818182,0.974706907,0.080950882,22,21.4,0.916515139,1.008885781,0.074113578,1,4,10,215
1.181818182,0.983232574,0.073989965,22,21.1,0.994987437,1.013401079,0.08196403,1,4,10,216
1.181818182,0.993834413,0.063814982,22,20.9,0.994987437,1.019366974,0.069665809,1,4,10,217
1.181818182,0.999912423,0.064972698,23,20.85,1.061838029,1.027151082,0.067162416,1,6,10,218
1.181818182,0.989641984,0.075351866,22,20.4,0.8,1.031217811,0.071999625,1,4,10,219
1.181818182,1.007609223,0.063061215,22,20.6,0.916515139,1.037859773,0.060003116,1,4,10,220
1.181818182,0.991712969,0.078116444,22,20.4,0.8,1.020379169,0.078998679,1,4,10,221
1.181818182,1.018359623,0.054986267,22,20.55,0.864580823,1.024251249,0.067190475,1,7,10,222
1.181818182,0.986222528,0.080144289,22,20.7,0.953939201,1.041340759,0.065852438,1,4,10,223
1.181818182,1.026569208,0.05814744,22,20.6,0.916515139,1.056385062,0.049661756,1,4,10,224
1.181818182,1.022917506,0.075568514,22,20.9,0.994987437,1.048185002,0.08522712,1,4,10,225
1.181818182,0.991622795,0.077463387,22,21.1,0.994987437,1.000052288,0.087151668,1,5,10,226
1.181818182,0.976091626,0.087120052,22,21,1,1.034333993,0.060545366,1,4,10,227
1.181818182,1.010902214,0.060146435,22,21.05,0.973396117,1.01354171,0.080421114,1,7,10,228
1.181818182,0.992620305,0.09264704,22,20.7,0.9,1.038741545,0.082021247,1,4,10,229
1.181818182,0.997780369,0.093722824,22,20.9,0.943398113,1.029397418,0.104862231,1,4,10,230
1.181818182,1.003029664,0.081544708,22,21,1,1.04231712,0.089195584,1,6,10,231
1.181818182,0.992818098,0.073909854,22,20.9,0.994987437,1.01488392,0.083210868,1,4,10,232
1.181818182,1.018605273,0.072290415,22,21.2,0.979795897,1.0567244,0.056997628,1,4,10,233
1.181818182,1.006364457,0.064345117,22,21.35,0.90967027,1.034667941,0.067581634,1,6,10,234
1.181818182,1.017080525,0.049018874,22,21.3,0.9,1.033934619,0.06239463,1,4,10,235
1.181818182,1.011934923,0.050761719,22,21.6,0.8,1.029631166,0.058710956,1,8,10,236
1.181818182,1.012816456,0.066648641,22,21.4,0.916515139,1.028598727,0.076012583,1,6,10,237
1.181818182,1.006370193,0.06657475,22,21.8,0.6,1.024324529,0.080802523,1,5,10,238
1.181818182,1.019505227,0.067997792,22,21.6,0.8,1.028560114,0.081154028,1,5,10,239
1.181818182,1.024417501,0.064957491,23,21.85,0.653834842,1.050462869,0.068743145,1,4,10,240
1.181818182,1.018858175,0.069063313,23,21.9,0.7,1.067868313,0.046272817,1,4,10,241
1.181818182,1.014147818,0.051506629,23,21.8,0.979795897,1.043671874,0.052647923,1,4,10,242
1.181818182,1.008259834,0.067921936,23,21.9,0.7,1.003575754,0.091891605,1,4,10,243
1.181818182,1.024977374,0.058926997,23,22,0.774596669,1.043732093,0.063399055,1,4,10,244
1.181818182,1.018246266,0.074921537,23,21.9,0.7,1.04418237,0.072125069,1,4,10,245
1.181818182,1.018331217,0.067651612,23,21.8,0.979795897,1.041083626,0.07624737,1,4,10,246
1.181818182,1.004879033,0.085631214,23,21.6,0.969535971,1.033147223,0.09138636,1,5,10,247
1.181818182,1.012952107,0.078459496,23,21.9,0.7,1.051566889,0.074574527,1,5,10,248
1.181818182,0.99768974,0.091492831,24,21.85,1.061838029,1.01681328,0.111695823,1,4,10,249
1.181818182,1.02631585,0.066748864,23,21.6,0.969535971,1.035394849,0.084968353,1,6,10,250
1.181818182,1.001694634,0.073606792,23,21.7,1.187434209,1.048300631,0.056002378,1,4,10,251
1.181818182,1.021777375,0.06211103,23,21.85,1.013656747,1.032859347,0.06898743,1,6,10,252
1.181818182,1.02082229,0.056233886,23,22.1,0.830662386,1.052329462,0.056365273,1,5,10,253
1.181818182,1.001775392,0.070800271,23,21.9,1.044030651,1.017044836,0.073185224,1,4,10,254
1.181818182,0.982116383,0.07702963,24,22.2,0.92736185,1.003791786,0.093708316,1,4,10,255
1.181818182,1.004287668,0.061506479,24,22.4,1.019803903,1.019279328,0.076863357,1,8,10,256
1.181818182,1.010213514,0.076938224,24,22.1,1.220655562,1.039045497,0.082009315,1,4,10,257
1.181818182,1.007949255,0.079124602,24,22.2,1.326649916,1.055145016,0.065673336,1,4,10,258
1.181818182,1.01095608,0.069882325,24,21.95,1.395528574,1.048333136,0.066639502,1,4,10,259
1.181818182,1.024074317,0.057981908,24,22,1.549193338,1.049549102,0.071006287,1,4,10,260
1.181818182,1.032106557,0.06342163,24,22.15,1.423903087,1.061473537,0.059443587,1,5,10,261
1.181818182,1.029251549,0.054566344,24,22.5,1.24498996,1.057748032,0.061627354,1,7,10,262
1.181818182,1.023555475,0.043039882,24,21.8,1.077032961,1.039898797,0.054935149,1,5,10,263
1.181818182,1.031043854,0.056230662,24,21.6,1.2,1.059547335,0.056238933,1,5,10,264
1.181818182,1.030170751,0.058404165,24,21.8,1.077032961,1.0506844,0.066498691,1,6,10,265
1.181818182,1.02238895,0.075589685,24,21.6,1.2,1.05613715,0.056679944,1,4,10,266
1.181818182,1.02501146,0.053024737,24,21.1,1.178982612,1.023219011,0.064449316,1,5,10,267
1.181818182,1.017939343,0.055479209,24,21.4,1.280624847,1.038054913,0.059979546,1,4,10,268
1.181818182,1.002363963,0.070437979,24,21.3,1.307669683,1.040767238,0.054489288,1,4,10,269
1.181818182,1.016075432,0.060722067,24,21.6,1.2,1.035314671,0.08030286,1,4,10,270
1.181818182,1.029780624,0.058679333,24,21.8,1.4,1.055375771,0.050011735,1,4,10,271
1.181818182,1.0157034,0.065330222,24,21.6,1.2,1.059581555,0.049410778,1,4,10,272
1.181818182,1.043023309,0.057704971,24,21.8,1.077032961,1.081795601,0.059156041,1,4,10,273
1.181818182,1.037921208,0.055516199,24,21.8,1.077032961,1.076185746,0.047852688,1,4,10,274
1.181818182,1.031080598,0.054641323,24,22,1.264911064,1.060995518,0.055111771,1,4,10,275
1.181818182,1.036833497,0.064458731,25,22.25,1.479019946,1.076448924,0.060123754,1,4,10,276
1.181818182,1.049424593,0.071168666,25,22.1,1.445683229,1.062340706,0.071798722,1,4,10,277
1.181818182,1.031703715,0.059093974,25,21.5,1.5,1.068308643,0.06024698,1,8,10,278
1.181818182,1.023756245,0.048362448,25,22.55,1.532155345,1.048194039,0.052393574,1,3,10,279
1.181818182,1.012540559,0.053776747,25,22.6,1.71464282,1.038179923,0.056198349,1,6,10,280
1.181818182,1.020764075,0.056093051,25,21.7,1.417744688,1.052017139,0.060248468,1,4,10,281
1.181818182,1.034146919,0.047431276,25,22,1.732050808,1.055397746,0.047054265,1,4,10,282
1.181818182,1.030658718,0.056710045,25,22.2,1.6,1.055239055,0.067919158,1,4,10,283
1.181818182,1.019005116,0.049435079,25,22.5,1.802775638,1.047022508,0.053620436,1,5,10,284
1.181818182,1.022469083,0.068125513,25,22.2,1.6,1.067520723,0.043942351,1,4,10,285
1.181818182,1.040985988,0.048628949,25,22.1,1.135781669,1.06246915,0.046267004,1,4,10,286
1.181818182,1.036023585,0.055704721,25,22.4,1.428285686,1.063430008,0.055884588,1,4,10,287
1.181818182,1.035202622,0.047347598,25,22.2,1.6,1.060633061,0.046342296,1,4,10,288
1.181818182,1.031991257,0.047618298,25,22.4,1.428285686,1.057434652,0.050785319,1,4,10,289
1.181818182,1.034122331,0.050521346,25,22.7,1.615549442,1.062524471,0.046178504,1,4,10,290
1.181818182,1.033281545,0.049225231,25,22.8,1.939071943,1.053101065,0.049931228,1,8,10,291
1.181818182,1.021047514,0.064387903,25,22.1,1.135781669,1.049579294,0.074371842,1,4,10,292
1.181818182,1.014322631,0.0717464,25,22.4,1.428285686,1.043635798,0.063744188,1,6,10,293
1.181818182,1.030036965,0.051875812,25,23.2,1.469693846,1.053315627,0.056481694,1,4,10,294
1.181818182,1.039131119,0.067335274,25,22.6,1.2,1.063558185,0.074518011,1,5,10,295
1.181818182,1.031082907,0.056605368,25,22.9,1.374772708,1.067901191,0.051894565,1,4,10,296
1.181818182,1.040456892,0.048458247,25,22.6,1.2,1.05228336,0.050671546,1,3,10,297
1.181818182,1.025535868,0.050499317,25,22.6,1.2,1.054388328,0.047222785,1,4,10,298
1.181818182,1.032632565,0.068926104,25,22.8,1.288409873,1.051611999,0.082660176,1,4,10,299
1.181818182,1.013616911,0.07468767,25,22.9,1.374772708,1.037826648,0.087038872,1,4,10,300
1.181818182,1.004494424,0.077274173,26,22.65,1.314343943,1.030610479,0.085231665,1,8,10,301
1.181818182,0.9975265,0.082106085,26,23.35,1.58981131,1.023120801,0.089607639,1,4,10,302
1.181818182,1.020059783,0.057779305,26,23.3,1.615549442,1.039247339,0.056665858,1,4,10,303
1.181818182,1.018827825,0.053120715,26,23.6,1.624807681,1.044041324,0.064985544,1,4,10,304
1.181818182,1.003915403,0.062312373,26,23.3,1.615549442,1.024748002,0.069536665,1,4,10,305
1.181818182,1.004645457,0.056536283,26,23.3,1.615549442,1.026643216,0.066019817,1,4,10,306
1.181818182,1.011706602,0.049988019,26,23,1.549193338,1.024417231,0.057216373,1,4,10,307
1.181818182,1.017082028,0.067091689,26,22.7,1.417744688,1.032410528,0.081587791,1,3,10,308
1.181818182,1.01472764,0.061857535,26,22.7,1.417744688,1.022749252,0.077004049,1,6,10,309
1.181818182,1.00818152,0.075567546,26,23.4,1.743559577,1.050571975,0.065832151,1,8,10,310
1.181818182,1.021852797,0.067636182,25,22.3,0.9,1.054032548,0.069187148,1,4,10,311
1.181818182,1.043072062,0.056582215,25,22.3,0.9,1.075871969,0.056031074,1,8,10,312
1.181818182,1.018583385,0.074793287,25,22.6,1.2,1.050506534,0.079246789,1,5,10,313
1.181818182,1.010839365,0.075822527,25,22.9,1.374772708,1.033167032,0.088830244,1,6,10,314
1.181818182,1.017911726,0.076411624,25,22.3,0.9,1.045530502,0.082395828,1,4,10,315
1.181818182,1.01940422,0.056490555,25,22.75,1.299038106,1.041659359,0.058071601,1,5,10,316
1.181818182,0.97645811,0.068647532,25,23.5,1.5,1.004612153,0.077540941,1,10,10,317
1.181818182,1.008046956,0.072522509,25,22.3,0.9,1.051656578,0.066099001,1,4,10,318
1.1875,1.037124286,0.082331446,25,22.45,1.071214264,1.060045022,0.110458463,1,4,10,319
1.1875,1.002517626,0.080450741,25,22.6,1.2,0.99808817,0.110040915,1,5,10,320
1.1875,1.001610728,0.068197009,25,22.3,0.9,1.028241606,0.07278069,1,6,10,321
1.1875,1.028736711,0.06892734,25,22.6,1.2,1.042540805,0.072823884,1,5,10,322
1.1875,1.004792185,0.07216849,25,22.2,0.678232998,1.012212459,0.097860243,1,4,10,323
1.1875,1.014807047,0.057645032,23,22.15,0.357071421,1.047366734,0.054832442,1,7,10,324
1.1875,1.027399227,0.051836671,23,22.1,0.3,1.04971324,0.050198602,1,8,10,325
1.1875,1.044851117,0.062682816,23,22.25,0.433012702,1.075040638,0.067275233,1,6,10,326
1.1875,1.031970769,0.062707094,23,22.1,0.3,1.04763152,0.077813824,1,4,10,327
1.1875,1.043700973,0.068285154,23,22.05,0.217944947,1.051900477,0.079391973,1,4,10,328
1.1875,1.011000267,0.075228802,23,22.05,0.217944947,1.043842653,0.084076754,1,7,10,329
1.1875,0.998060775,0.064999697,23,22.1,0.3,1.019768102,0.069318355,1,6,10,330
1.1875,1.001669034,0.060293164,23,22.25,0.433012702,1.028474735,0.057228672,1,6,10,331
1.1875,1.010150917,0.057348018,22,22,0,1.032392785,0.062353835,1,6,10,332
1.1875,1.00964986,0.060546835,22,22,0,1.028779414,0.073194024,1,8,10,333
1.1875,0.994788675,0.069547758,23,22.05,0.217944947,1.027630132,0.061022103,1,6,10,334
1.1875,1.027045527,0.04712884,22,22,0,1.044436314,0.060645116,1,4,10,335
1.1875,1.033435883,0.063337129,22,22,0,1.055299182,0.058631339,1,6,10,336
1.1875,1.03033641,0.054879884,22,22,0,1.056793834,0.055423204,1,6,10,337
1.1875,1.016662283,0.076430012,22,22,0,1.042972623,0.063246817,1,7,10,338
1.1875,1.030232896,0.061047811,22,22,0,1.068190607,0.061921925,1,4,10,339
1.1875,1.032151602,0.063932008,22,22,0,1.055214081,0.074946992,1,4,10,340
1.1875,1.031941103,0.060281845,22,22,0,1.063835733,0.064552233,1,4,10,341
1.1875,1.019843367,0.043615443,22,22,0,1.033576819,0.053770872,1,6,10,342
1.1875,1.035197486,0.055376106,22,22,0,1.06005032,0.062368303,1,4,10,343
1.1875,1.00908706,0.054335215,22,22,0,1.042844289,0.054279063,1,5,10,344
1.1875,1.020126075,0.055066086,23,22.05,0.217944947,1.046720758,0.062111209,1,4,10,345
1.1875,1.031998042,0.051428673,23,22.05,0.217944947,1.0398497,0.063959172,1,6,10,346
1.1875,1.034566089,0.057233144,23,22.1,0.3,1.062848371,0.058104271,1,5,10,347
1.1875,1.039238054,0.058730629,23,22.15,0.357071421,1.046043951,0.059178781,1,4,10,348
1.1875,0.996996247,0.056403425,23,22.35,0.476969601,1.030231216,0.057440298,1,4,10,349
1.1875,1.009633207,0.051232334,23,22.2,0.4,1.029715142,0.062675749,1,4,10,350
1.1875,1.0089071,0.066934883,23,22.3,0.458257569,1.041964284,0.055490157,1,6,10,351
1.1875,1.014381913,0.050234575,24,22.25,0.536190265,1.036328435,0.059318738,1,4,10,352
1.1875,1.010358634,0.058322438,23,22.1,0.3,1.026893144,0.068088085,1,4,10,353
1.1875,1.030440196,0.061237979,23,22.1,0.3,1.043054964,0.062078012,1,6,10,354
1.1875,1.014191002,0.054483975,23,22.2,0.4,1.047698421,0.052815985,1,4,10,355
1.1875,1.001878983,0.063431141,23,22.05,0.217944947,1.036278245,0.062965976,1,4,10,356
1.1875,1.047037737,0.050553537,23,22.15,0.357071421,1.064978454,0.056151843,1,4,10,357
1.1875,1.02797855,0.054320882,23,22.1,0.3,1.042917064,0.067060871,1,6,10,358
1.1875,0.998438975,0.072605423,23,22.2,0.4,1.00598551,0.093555718,1,7,10,359
1.1875,1.001672645,0.064167566,23,22.35,0.476969601,1.034533655,0.061714433,1,4,10,360
1.1875,1.012953685,0.067013682,23,22.3,0.458257569,1.025558812,0.085929372,1,4,10,361
1.1875,1.003087316,0.070839873,23,22.4,0.489897949,1.044855847,0.057316043,1,4,10,362
1.1875,1.010686233,0.05149121,23,22.3,0.458257569,1.029198992,0.062259368,1,6,10,363
1.1875,0.993445924,0.08114273,23,22.3,0.458257569,1.00293658,0.093343795,1,4,10,364
1.1875,0.972166091,0.088579523,23,22.4,0.489897949,1.03485995,0.070776064,1,4,10,365
1.1875,1.002662429,0.068885734,23,22.25,0.433012702,1.008059053,0.091930841,1,5,10,366
1.1875,0.972646856,0.077346745,23,22.2,0.4,0.981606306,0.08860231,1,7,10,367
1.1875,1.011528171,0.064472268,23,22.4,0.489897949,1.026865015,0.084012478,1,4,10,368
1.1875,1.00683883,0.061520747,23,22.45,0.497493719,1.029485151,0.063090347,1,5,10,369
1.1875,1.017526933,0.054411298,23,22.2,0.4,1.045711552,0.052480684,1,3,10,370
1.1875,1.023992995,0.061470981,23,22.2,0.4,1.031841951,0.070190189,1,4,10,371
1.1875,1.007596896,0.050713758,23,22.4,0.489897949,1.024970711,0.059279742,1,6,10,372
1.1875,1.003563549,0.064169029,23,22.6,0.489897949,1.016428564,0.086359522,1,6,10,373
1.1875,0.995403886,0.087938091,24,22.45,0.589491306,1.018882631,0.101586968,1,4,10,374
1.1875,1.001088,0.08085443,23,22.3,0.458257569,1.044327098,0.073474228,1,4,10,375
1.1875,1.002257055,0.075410699,23,22.5,0.5,1.023075283,0.087091445,1,5,10,376
1.1875,1.021435899,0.060658357,23,22.55,0.497493719,1.056404673,0.066039907,1,4,10,377
1.1875,1.017329018,0.071074128,23,22.5,0.5,1.034409836,0.092190893,1,4,10,378
1.1875,0.978773244,0.07679759,23,22.45,0.497493719,1.014842208,0.077823736,1,4,10,379
1.1875,0.982994206,0.094138421,23,22.3,0.458257569,1.030590059,0.084577908,1,4,10,380
1.1875,1.00142099,0.086221982,23,22.55,0.497493719,1.035797703,0.098445674,1,6,10,381
1.1875,1.00921334,0.08023059,23,22.3,0.458257569,1.047147532,0.072375404,1,4,10,382
1.1875,1.000352273,0.06704306,23,22.35,0.476969601,1.009787966,0.082860534,1,4,10,383
1.1875,1.000585909,0.066626473,23,22.3,0.458257569,1.015781172,0.084198523,1,8,10,384
1.1875,1.011163637,0.071144876,23,22.5,0.5,1.050380754,0.056719302,1,6,10,385
1.1875,0.972656872,0.086565909,23,22.5,0.5,0.977017201,0.102807455,1,4,10,386
1.1875,0.950645579,0.082075981,23,22.6,0.489897949,0.987885874,0.08942117,1,4,10,387
1.1875,0.966802526,0.07410004,23,22.65,0.476969601,1.003683432,0.068128624,1,4,10,388
1.1875,0.981011405,0.075100027,23,22.55,0.497493719,1.006931452,0.083117753,1,4,10,389
1.1875,0.992052601,0.081723591,23,22.4,0.489897949,1.016308161,0.070740035,1,5,10,390
1.1875,0.986130632,0.079700321,23,22.35,0.476969601,1.011337331,0.08608358,1,6,10,391
1.1875,0.99847568,0.071035757,23,22.45,0.497493719,1.010010887,0.083755875,1,6,10,392
1.1875,0.958900374,0.083724149,23,22.5,0.5,0.99367159,0.089757658,1,4,10,393
1.1875,0.989510857,0.073872007,23,22.5,0.5,1.03008215,0.05994916,1,4,10,394
1.1875,0.99915032,0.064223163,23,22.4,0.489897949,0.994854784,0.08139188,1,5,10,395
1.1875,0.991839992,0.075653251,23,22.35,0.476969601,1.024787105,0.07153652,1,4,10,396
1.1875,1.006019711,0.065953235,23,22.35,0.476969601,1.035481485,0.061083338,1,5,10,397
1.1875,0.982726414,0.07271904,23,22.35,0.476969601,0.994981707,0.094708534,1,8,10,398
1.1875,0.983486707,0.079807934,23,22.6,0.489897949,1.012292543,0.092047927,1,6,10,399
1.1875,0.989820419,0.084775372,24,22.5,0.591607978,1.007330813,0.08959085,1,3,10,400
1.1875,1.006727528,0.07735776,24,22.55,0.668954408,1.030288389,0.07612364,1,3,10,401
1.1875,1.002623046,0.072507057,24,22.55,0.668954408,1.028982358,0.061425032,1,5,10,402
1.1875,1.001993471,0.076323296,24,22.75,0.698212002,1.011420495,0.08264581,1,4,10,403
1.1875,0.99177775,0.094365838,24,22.7,0.781024968,1.040649143,0.081848307,1,4,10,404
1.1875,0.999558252,0.080726804,24,22.6,0.734846923,1.031626864,0.080506287,1,6,10,405
1.1875,1.022156925,0.06839964,24,22.8,0.81240384,1.04532571,0.070726884,1,4,10,406
1.1875,1.009407469,0.07236366,24,22.7,0.781024968,1.006417599,0.100049784,1,4,10,407
1.1875,0.969630133,0.088160255,24,23.1,0.830662386,1.02974698,0.075310584,1,4,10,408
1.1875,1.018188699,0.069289784,24,22.65,0.653834842,1.036903181,0.068320769,1,4,10,409
1.1875,1.029442687,0.059045485,24,22.65,0.653834842,1.038645796,0.06227904,1,5,10,410
1.1875,1.008619163,0.064590906,24,22.6,0.8,1.050363871,0.058244722,1,4,10,411
1.1875,1.018282429,0.055142247,24,22.5,0.670820393,1.048946495,0.056795875,1,4,10,412
1.1875,1.007777978,0.065103513,24,22.6,0.663324958,1.035364426,0.06426455,1,4,10,413
1.1875,0.987119942,0.066109217,24,22.45,0.668954408,1.016891932,0.067346758,1,3,10,414
1.1875,1.022026215,0.05994296,24,22.4,0.663324958,1.047836921,0.070803759,1,4,10,415
1.1875,1.017915467,0.057314536,24,22.35,0.653834842,1.038150869,0.066120894,1,4,10,416
1.1875,1.015628407,0.057328869,24,22.3,0.640312424,1.043008824,0.061226856,1,4,10,417
1.1875,1.020235062,0.056478362,25,22.45,0.804673847,1.031740119,0.0745733,1,4,10,418
1.1875,1.011949581,0.074323622,25,22.6,1.019803903,1.037200653,0.083979983,1,4,10,419
1.1875,1.009210862,0.05894445,24,22.45,0.804673847,1.027726151,0.073547452,1,4,10,420
1.1875,1.00716725,0.076426915,24,22.5,0.806225775,1.034432195,0.084875266,1,4,10,421
1.1875,1.007366281,0.065244252,24,22.6,0.860232527,1.029210475,0.079899144,1,4,10,422
1.1875,1.005845793,0.076385106,24,22.6,0.860232527,1.051671494,0.059309536,1,4,10,423
1.1875,1.00090849,0.066817415,24,22.5,0.806225775,1.043631108,0.059171411,1,4,10,424
1.1875,1.005985355,0.063611853,24,22.3,0.640312424,1.029894208,0.063867943,1,4,10,425
1.1875,1.029614455,0.065419237,24,22.4,0.663324958,1.056546991,0.07446721,1,4,10,426
1.1875,1.025805582,0.065146434,24,22.6,0.8,1.060269014,0.051102287,1,6,10,427
1.1875,1.00995462,0.053529221,24,22.5,0.670820393,1.028549572,0.066448953,1,6,10,428
1.1875,1.012821301,0.058167569,24,22.5,0.806225775,1.022523405,0.077087803,1,5,10,429
1.1875,0.996868462,0.066336771,25,22.65,0.963068014,1.030639952,0.053210257,1,5,10,430
1.1875,1.022286232,0.062501805,24,22.4,0.663324958,1.038409091,0.075935009,1,4,10,431
1.1875,1.029161898,0.065594169,24,22.3,0.640312424,1.052064814,0.067235896,1,3,10,432
1.1875,1.016009445,0.056745393,24,22.3,0.640312424,1.035873904,0.07087137,1,4,10,433
1.1875,1.03060401,0.066114205,24,22.6,0.8,1.065660671,0.060461132,1,4,10,434
1.1875,1.016475898,0.079493042,24,22.65,0.792148976,1.067177424,0.076119444,1,5,10,435
1.1875,1.004742239,0.065036506,24,22.2,0.509901951,1.023895628,0.084190078,1,5,10,436
1.1875,1.012959646,0.066594674,24,22.45,0.739932429,1.046163989,0.062425975,1,4,10,437
1.1875,1.005180771,0.074051969,24,22.6,0.8,1.035160051,0.063980331,1,6,10,438
1.1875,1.016824236,0.059708254,24,22.3,0.640312424,1.06012404,0.049353489,1,4,10,439
1.1875,1.011815731,0.063841534,23,22.1,0.3,1.045702458,0.068451677,1,3,10,440
1.1875,1.025724718,0.057158493,23,22.15,0.357071421,1.036634301,0.077978398,1,6,10,441
1.1875,1.017407316,0.062382691,23,22.15,0.357071421,1.055095819,0.062418683,1,4,10,442
1.1875,1.022199487,0.05164323,23,22.15,0.357071421,1.046029353,0.059423732,1,4,10,443
1.1875,1.021713056,0.049262975,23,22.2,0.4,1.044603526,0.054001546,1,6,10,444
1.1875,1.019433305,0.057129008,23,22.2,0.4,1.047709054,0.05475731,1,4,10,445
1.1875,1.023207101,0.056035458,23,22.2,0.4,1.060852504,0.050556494,1,4,10,446
1.1875,1.022730137,0.059382972,23,22.1,0.3,1.038281462,0.063821167,1,4,10,447
1.1875,1.028995571,0.049162724,23,22.15,0.357071421,1.037170657,0.062192916,1,7,10,448
1.1875,1.039100414,0.073501616,23,22.1,0.3,1.058390145,0.084601922,1,8,10,449
1.1875,1.01702818,0.085960094,24,22.25,0.536190265,1.065514442,0.075331761,1,6,10,450
1.1875,1.024635436,0.051255185,25,22.35,0.792148976,1.037687843,0.05751565,1,4,10,451
1.1875,1.022548221,0.054849021,24,22.2,0.6,1.048629597,0.064455176,1,3,10,452
1.1875,1.018253977,0.05398412,24,22.25,0.62249498,1.043548134,0.056234346,1,6,10,453
1.1875,1.007217541,0.06732536,25,22.5,0.866025404,1.015095481,0.089633918,1,4,10,454
1.1875,1.025275564,0.051901791,25,22.3,0.9,1.053861529,0.052125087,1,4,10,455
1.1875,1.034400689,0.054745652,25,22.3,0.9,1.058300429,0.058760784,1,4,10,456
1.1875,1.027649373,0.052858736,25,22.6,1.2,1.051006807,0.065577883,1,4,10,457
1.1875,1.016103745,0.065478257,25,22.65,1.194780315,1.046928079,0.071022408,1,4,10,458
1.1875,1.024424145,0.053106712,25,22.3,0.9,1.040096346,0.059266815,1,4,10,459
1.1875,1.021071888,0.052270404,25,22.6,1.2,1.039900951,0.054854649,1,4,10,460
1.1875,1.015317257,0.057555024,25,22.6,1.2,1.047553536,0.061024454,1,4,10,461
1.1875,1.043647189,0.045544193,25,22.3,0.9,1.055702275,0.051128435,1,4,10,462
1.1875,1.010585382,0.074040424,25,22.3,0.9,1.046980246,0.067651757,1,4,10,463
1.1875,1.025348759,0.04798939,25,22.6,1.2,1.041192098,0.052600333,1,4,10,464
1.1875,1.038430153,0.057096643,25,22.3,0.9,1.065187338,0.05509195,1,4,10,465
1.1875,1.013989748,0.059756154,25,22.35,0.90967027,1.035929808,0.064087988,1,4,10,466
1.1875,1.024468974,0.064515809,25,22.6,1.2,1.05193829,0.071628677,1,4,10,467
1.1875,1.029172951,0.072340898,25,22.3,0.9,1.049325037,0.086370516,1,4,10,468
1.1875,1.007090737,0.069400009,25,22.3,0.9,1.031716144,0.063345068,1,4,10,469
1.1875,1.006937709,0.060622355,25,22.35,0.90967027,1.035203313,0.055805553,1,5,10,470
1.1875,1.027169665,0.063127037,26,22.5,1.204159458,1.045855883,0.074217866,1,5,10,471
1.1875,1.025250082,0.064425209,25,22.3,0.9,1.057057506,0.066316345,1,4,10,472
1.1875,1.006358845,0.053373996,25,22.45,1.071214264,1.020632717,0.066047461,1,5,10,473
1.1875,1.00670394,0.072472021,25,22.9,1.374772708,1.022451331,0.08717488,1,6,10,474
1.1875,1.010041306,0.058816806,25,22.3,0.9,1.049169242,0.053751471,1,5,10,475
1.1875,1.028297835,0.052338304,25,22.6,1.2,1.043369275,0.057526083,1,4,10,476
1.1875,1.030141233,0.058044255,25,22.6,1.2,1.052367467,0.061819814,1,4,10,477
1.1875,1.035145215,0.063523905,25,22.3,0.9,1.052840491,0.078166733,1,6,10,478
1.1875,1.03287246,0.06322184,25,22.35,0.90967027,1.045597309,0.082846498,1,8,10,479
1.1875,1.014789285,0.078060673,25,22.6,1.2,1.057676167,0.067655942,1,4,10,480
1.1875,1.027124307,0.047150496,25,22.6,1.2,1.04894873,0.057806144,1,6,10,481
1.1875,1.009334004,0.05900513,25,22.3,0.9,1.048015493,0.053759326,1,7,10,482
1.1875,1.015600918,0.050944707,25,22.6,1.2,1.032622907,0.060479625,1,5,10,483
1.1875,1.006249431,0.04737946,25,22.6,1.2,1.0139782,0.06487931,1,4,10,484
1.1875,1.025772446,0.052131488,25,22.45,1.071214264,1.033783919,0.063069453,1,4,10,485
1.1875,1.004585144,0.062953483,25,22.9,1.374772708,1.022005292,0.08137684,1,5,10,486
1.1875,1.016660333,0.053812175,25,22.6,1.2,1.048361055,0.053687582,1,4,10,487
1.1875,1.02724336,0.050022894,25,22.6,1.2,1.050772321,0.053335559,1,6,10,488
1.1875,1.03773153,0.048955117,25,22.75,1.299038106,1.054960513,0.05974962,1,5,10,489
1.1875,1.035661809,0.05423637,26,22.35,1.061838029,1.060080722,0.051680025,1,4,10,490
1.1875,1.026018853,0.054638593,26,22.4,1.2,1.05282252,0.058969506,1,5,10,491
1.1875,1.016955012,0.056386854,26,22.8,1.6,1.039414986,0.065656305,1,4,10,492
1.1875,0.997554103,0.076421809,26,22.45,1.203120942,1.021402185,0.094043275,1,4,10,493
1.1875,1.012806646,0.077466431,27,22.55,1.359227722,1.055180807,0.053151802,1,4,10,494
1.1875,1.033723709,0.050072945,26,22.5,1.204159458,1.058888284,0.050861475,1,4,10,495
1.1875,1.016362192,0.074781757,26,22.5,1.204159458,1.032075655,0.080711312,1,4,10,496
1.1875,1.005928665,0.058103347,26,22.2,0.871779789,1.027370223,0.071719009,1,4,10,497
1.1875,0.972509829,0.083403207,26,22.45,1.203120942,0.982353887,0.102813394,1,6,10,498
1.1875,0.976977856,0.08360086,26,22.7,1.417744688,1.022981154,0.066982344,1,4,10,499
1.1875,1.009571673,0.056575912,26,22.65,1.235920709,1.020215352,0.072894179,1,4,10,500
1.1875,0.995662234,0.073989347,26,22.85,1.275735082,1.012557941,0.076180344,1,4,10,501
1.1875,0.997807419,0.08511283,26,23.3,1.646207763,1.033738587,0.087724131,1,5,10,502
1.1875,0.980962603,0.067016125,26,22.85,1.235920709,1.02209648,0.06692721,1,7,10,503
1.1875,1.003413763,0.075032196,26,22.9,1.577973384,1.010765037,0.084099526,1,7,10,504
1.1875,1.019397396,0.055733228,26,22.7,1.417744688,1.052077266,0.051089678,1,4,10,505
1.1875,1.038184246,0.053439286,26,22.55,1.203120942,1.041190275,0.070248518,1,7,10,506
1.209302326,1.031850956,0.08712511,26,23.1,1.513274595,1.078167661,0.078676218,1,4,10,507
1.209302326,1.016752882,0.073922346,26,22.7,1.187434209,1.057506248,0.068592033,1,4,10,508
1.209302326,1.001128229,0.083645945,26,22.7,1.187434209,0.993131728,0.112329463,1,5,10,509
1.209302326,0.994513894,0.079489332,26,23.1,1.513274595,1.03147931,0.08263847,1,4,10,510
1.209302326,1.016443517,0.068600234,26,22.6,1.2,1.026119835,0.090469763,1,6,10,511
1.209302326,0.999743626,0.090913959,26,22.7,1.187434209,1.058874142,0.058725782,1,6,10,512
1.209302326,1.011245111,0.072374805,26,23.1,1.513274595,1.050071639,0.06549174,1,4,10,513
1.209302326,1.005686119,0.072532099,26,23,1.549193338,1.040429351,0.080342533,1,4,10,514
1.209302326,1.013090063,0.082768293,26,22.55,1.203120942,1.025849536,0.097227612,1,4,10,515
1.209302326,1.008886401,0.085853371,26,22.5,1.204159458,1.056028069,0.061737357,1,6,10,516
1.209302326,1.011481115,0.068720876,26,22.9,1.577973384,1.052115814,0.070716131,1,4,10,517
1.209302326,1.009616635,0.061793729,26,22.9,1.577973384,1.035965605,0.069766395,1,4,10,518
1.209302326,1.021435499,0.060230186,26,22.65,1.235920709,1.05670673,0.061615172,1,4,10,519
1.209302326,1.015563394,0.068038672,26,23.1,1.577973384,1.033463498,0.089169131,1,4,10,520
1.209302326,1.021380267,0.056100395,26,22.7,1.417744688,1.045707873,0.061800981,1,6,10,521
1.209302326,1.009620422,0.064146709,26,22.5,1.204159458,1.018141168,0.083926011,1,6,10,522
1.209302326,0.99531614,0.060837184,26,22.65,1.194780315,1.036296762,0.06014409,1,4,10,523
1.209302326,1.0004712,0.06732624,26,23,1.549193338,1.014619685,0.071173395,1,6,10,524
1.209302326,1.014013672,0.064068543,26,22.6,1.2,1.042103951,0.070104206,1,4,10,525
1.209302326,1.031807783,0.059118777,26,22.5,1.204159458,1.05344946,0.065717754,1,4,10,526
1.209302326,1.016582026,0.060655101,26,23,1.549193338,1.032565943,0.073460201,1,4,10,527
1.209302326,0.999593967,0.062631046,26,22.6,1.2,1.029729819,0.070269937,1,6,10,528
1.209302326,1.016578713,0.067775829,26,22.55,1.203120942,1.021053872,0.087922033,1,4,10,529
1.209302326,1.02570779,0.056746671,26,23,1.549193338,1.037122254,0.069524368,1,6,10,530
1.209302326,1.003494108,0.075710739,26,22.55,1.203120942,1.04784583,0.064394856,1,4,10,531
1.209302326,1.028003398,0.05473112,26,22.55,1.203120942,1.048109409,0.063176379,1,4,10,532
1.209302326,0.99985669,0.087459657,26,22.5,1.204159458,1.031425736,0.097779098,1,5,10,533
1.209302326,1.004357163,0.075587802,26,22.5,1.204159458,1.016715088,0.08842751,1,6,10,534
1.209302326,0.998608707,0.072458761,26,22.5,1.204159458,1.01335714,0.090714392,1,4,10,535
1.209302326,1.022718585,0.070718461,26,23,1.549193338,1.055461421,0.080055061,1,4,10,536
1.209302326,1.018862941,0.069013591,26,22.45,1.203120942,1.048744503,0.082696894,1,5,10,537
1.209302326,1.015349143,0.090418423,26,22.5,1.204159458,1.045713513,0.109712072,1,4,10,538
1.209302326,1.002782103,0.067448355,26,22.55,1.203120942,1.031066252,0.06983548,1,5,10,539
1.209302326,1.007291462,0.062642956,26,22.5,1.204159458,1.036536085,0.065990506,1,4,10,540
1.209302326,1.002709818,0.063423144,26,22.5,1.204159458,1.0122814,0.085601876,1,6,10,541
1.209302326,0.982016292,0.078737772,26,23,1.549193338,1.003011655,0.093408046,1,4,10,542
1.209302326,0.990723716,0.074183414,26,22.8,1.4,1.033893139,0.062967844,1,4,10,543
1.209302326,1.013393686,0.063794406,26,22.5,1.204159458,1.032839857,0.083104375,1,4,10,544
1.209302326,1.009790407,0.080077163,26,22.6,1.2,1.045535131,0.087210383,1,4,10,545
1.219512195,1.022656094,0.078690026,26,22.5,1.204159458,1.053876879,0.094278691,1,6,10,546
1.219512195,1.01559862,0.059876389,26,22.55,1.203120942,1.028141112,0.070744286,1,5,10,547
1.219512195,0.982986443,0.077756208,26,22.45,1.203120942,1.014941969,0.079068268,1,6,10,548
1.219512195,1.014540532,0.06263181,26,22.95,1.564448785,1.036222577,0.06938343,1,4,10,549
1.219512195,0.998948857,0.070659676,26,22.5,1.204159458,1.033645344,0.068781135,1,4,10,550
1.219512195,0.99933489,0.07054433,26,22.8,1.4,1.020426594,0.085213546,1,4,10,551
1.219512195,1.006738165,0.067905354,26,22.65,1.194780315,1.028394387,0.080462812,1,3,10,552
1.219512195,1.004476661,0.070384443,26,22.65,1.194780315,1.039033723,0.072651556,1,4,10,553
1.219512195,1.019416528,0.06634571,26,23.1,1.513274595,1.044629867,0.071982585,1,4,10,554
1.219512195,1.003421984,0.074440302,26,22.8,1.166190379,1.044660468,0.074947433,1,4,10,555
1.219512195,1.030295612,0.062193993,26,22.75,1.177921899,1.045706091,0.070838839,1,4,10,556
1.219512195,1.033388768,0.069880376,26,22.75,1.177921899,1.037111452,0.094724482,1,5,10,557
1.219512195,1.00780026,0.08397814,26,22.95,1.160818677,1.039409269,0.083542621,1,4,10,558
1.219512195,1.011003669,0.056332849,26,22.9,1.220655562,1.033588833,0.066596577,1,3,10,559
1.219512195,1.018110516,0.059553099,26,23,1.264911064,1.046937228,0.065875234,1,4,10,560
1.219512195,1.00924558,0.07283461,26,22.8,1.2489996,1.041467805,0.069189242,2,2,10,561
1.219512195,1.036524397,0.055685457,26,22.8,1.2489996,1.059517617,0.065153035,1,4,10,562
1.219512195,1.016243128,0.061835146,26,23.1,1.220655562,1.047680667,0.068977255,1,4,10,563
1.219512195,1.005325971,0.075513983,26,23.4,1.624807681,1.026465713,0.098336701,1,4,10,564
1.219512195,1.004265227,0.08183746,26,23.5,1.688194302,1.050506263,0.077772416,1,4,10,565
1.219512195,0.990083807,0.071582189,26,23.4,1.743559577,1.0193791,0.077319357,1,4,10,566
1.219512195,0.996311211,0.069113974,26,23,1.549193338,1.010319781,0.073639869,1,6,10,567
1.219512195,0.995966695,0.066074917,26,23.8,1.833030278,1.025702557,0.07177069,1,8,10,568
1.219512195,1.001456283,0.062099707,26,22.8,1.166190379,1.029568576,0.072299535,1,4,10,569
1.219512195,0.998435659,0.066611303,26,23,1.549193338,1.025762605,0.074258403,1,5,10,570
1.219512195,0.99706185,0.073946965,26,23.5,1.688194302,1.036552459,0.073837119,1,6,10,571
1.219512195,1.023260257,0.065042793,26,22.9,1.135781669,1.065765085,0.059771515,1,5,10,572
1.219512195,1.033536049,0.054843989,26,22.8,1.166190379,1.067939653,0.056036392,1,4,10,573
1.219512195,1.004473131,0.077446678,26,22.7,1.187434209,1.028147951,0.095694498,1,6,10,574
1.219512195,1.016652668,0.067345567,26,23,1.341640786,1.055353714,0.05955066,1,4,10,575
1.219512195,1.006571268,0.061454303,26,22.8,1.166190379,1.036303561,0.069253657,1,3,10,576
1.219512195,1.021141872,0.06364366,26,22.8,1.166190379,1.051351095,0.063529496,1,4,10,577
1.219512195,1.029530443,0.057462775,26,22.55,0.920597632,1.049996067,0.066073261,1,4,10,578
1.219512195,1.020496166,0.068732734,26,22.7,1.187434209,1.048707045,0.062679612,1,4,10,579
1.219512195,1.015110313,0.068867546,26,22.5,0.921954446,1.056403747,0.064058717,1,4,10,580
1.219512195,1.00156951,0.066104672,26,22.8,1.208304597,1.023900627,0.084202974,1,4,10,581
1.219512195,1.00606482,0.067229883,26,23,1.61245155,1.042782651,0.062498907,1,4,10,582
1.219512195,1.016064619,0.056621155,26,22.5,1.284523258,1.039382911,0.069351654,1,4,10,583
1.219512195,1.005654711,0.058432843,26,23,1.61245155,1.03008193,0.071633842,1,4,10,584
1.219512195,1.003383976,0.070357271,26,23.35,1.796524422,1.021578819,0.07964815,1,4,10,585
1.219512195,1.011224428,0.073346942,26,23,1.61245155,1.061852301,0.059597187,1,4,10,586
1.219512195,1.018091854,0.061886255,26,22.6,1.280624847,1.042837766,0.066858208,1,6,10,587
1.219512195,1.028644002,0.056811633,26,22.8,1.661324773,1.05137902,0.069339618,1,4,10,588
1.219512195,1.025674646,0.067630978,26,22.8,1.720465053,1.062154224,0.05777184,1,4,10,589
1.219512195,1.030885068,0.073774997,26,22.5,1.322875656,1.067292473,0.082902535,1,4,10,590
1.219512195,1.018426471,0.076452844,26,22.6,1.280624847,1.056165924,0.088429926,1,4,10,591
1.219512195,1.02396759,0.079219657,26,23,1.61245155,1.052124301,0.100830823,1,4,10,592
1.219512195,1.021195525,0.0811545,26,23.1,1.757839583,1.05292733,0.08717593,1,5,10,593
1.219512195,1.006137368,0.074869984,26,22.5,1.360147051,1.048300054,0.082039223,1,4,10,594
1.219512195,1.017635973,0.071204396,27,22.75,1.409787218,1.044956908,0.090056024,1,4,10,595
1.219512195,0.994202518,0.088982285,27,23.05,1.829617446,1.041601137,0.091816247,1,4,10,596
1.219512195,1.001038967,0.061785729,27,23,1.843908891,1.020852908,0.078335057,1,7,10,597
1.219512195,0.992270745,0.077009982,27,22.7,1.646207763,1.016403969,0.088589439,1,4,10,598
1.219512195,1.022789234,0.061779802,27,23,2.097617696,1.029785753,0.078571799,1,4,10,599
1.219512195,1.002543469,0.069587798,27,23.15,2.006863224,1.037011742,0.071767082,1,4,10,600
1.219512195,0.985957504,0.062195869,27,22.95,1.499166435,1.016899019,0.070139494,1,4,10,601
1.219512195,1.006397974,0.059860712,27,22.9,1.513274595,1.037024037,0.06784539,1,4,10,602
1.219512195,1.033563098,0.055714672,27,23.2,1.326649916,1.061307444,0.061033391,1,4,10,603
1.219512195,1.024994976,0.070000283,27,22.85,1.061838029,1.059859435,0.073978581,1,4,10,604
1.219512195,1.019875344,0.063636571,27,23.25,1.669580786,1.03628334,0.082214808,1,3,10,605
1.219512195,1.015114087,0.073705294,27,23.4,1.854723699,1.06108152,0.075847547,1,4,10,606
1.219512195,1.034248047,0.063483916,27,23.15,1.351850583,1.061354396,0.0711255,1,4,10,607
1.219512195,1.023816334,0.062461772,27,23,1.414213562,1.05774596,0.064814091,1,4,10,608
1.219512195,1.017499576,0.076670472,27,23.25,1.920286437,1.038750007,0.083562005,1,4,10,609
1.219512195,1.001678603,0.078804417,27,23,1.414213562,1.031448553,0.093641235,1,4,10,610
1.219512195,1.006104278,0.087788131,27,23.4,1.854723699,1.048069492,0.093107941,1,4,10,611
1.219512195,0.989997017,0.085246195,27,23.5,1.802775638,1.021854896,0.089688396,1,4,10,612
1.219512195,1.004357642,0.078988908,27,23.25,1.639359631,1.026794833,0.090375885,1,5,10,613
1.219512195,1.012308361,0.065885349,27,23.6,2.009975124,1.043725939,0.070294384,1,4,10,614
1.219512195,1.014555553,0.059905118,27,23.4,1.854723699,1.045907874,0.063986081,1,4,10,615
1.219512195,1.007992227,0.066682713,27,22.8,1.469693846,1.043318609,0.070979097,1,4,10,616
1.219512195,1.013440208,0.073451466,27,23.3,1.926136028,1.019942383,0.090364014,1,5,10,617
1.219512195,1.009478761,0.071369608,27,23.7,2.19317122,1.036150993,0.070491702,1,4,10,618
1.219512195,1.006878169,0.069778135,27,23.25,1.920286437,1.049129672,0.062299743,1,6,10,619
1.219512195,1.019867701,0.062437642,27,22.9,1.445683229,1.053357655,0.061162855,1,6,10,620
1.219512195,1.006600651,0.06868531,27,23.4,1.854723699,1.030857635,0.072523926,1,4,10,621
1.219512195,1.004699526,0.067190206,27,23.5,1.802775638,1.032065252,0.083118336,1,4,10,622
1.219512195,1.015176293,0.057627149,27,23.1,1.374772708,1.039403195,0.071089406,1,5,10,623
1.219512195,1.026916043,0.067698801,27,22.75,1.089724736,1.054458619,0.075713044,1,4,10,624
1.219512195,1.016597317,0.056737026,27,22.9,1.445683229,1.039705863,0.070328401,1,4,10,625
1.219512195,1.016519505,0.063818267,27,23,1.414213562,1.040860475,0.070647885,1,5,10,626
1.219512195,1.024704352,0.059043955,27,23.5,1.802775638,1.04699465,0.064135127,1,4,10,627
1.219512195,1.03779392,0.074877527,27,23.4,1.854723699,1.067696828,0.085302255,1,3,10,628
1.219512195,1.025192862,0.060463195,27,23.2,1.661324773,1.040587525,0.074107478,1,5,10,629
1.219512195,1.031914764,0.076579082,27,23.1,1.374772708,1.077036486,0.083434396,1,6,10,630
1.219512195,1.048140269,0.066506768,27,23.5,1.802775638,1.0636182,0.086161395,1,5,10,631
1.219512195,1.036493332,0.080192796,27,23.15,1.681517172,1.08774502,0.070709059,1,6,10,632
1.219512195,1.011819382,0.075764197,27,23,1.414213562,1.057598072,0.076132324,1,4,10,633
1.219512195,1.020589612,0.058783533,27,22.85,1.458595215,1.032814084,0.070957306,1,4,10,634
1.219512195,1.03861114,0.069425671,27,23.2,1.939071943,1.082005687,0.071476243,1,4,10,635
1.219512195,1.008749643,0.081300129,27,23.3,1.9,1.041139665,0.090451542,1,5,10,636
1.219512195,1.004250782,0.066286086,27,23.7,2.19317122,1.015771155,0.084034241,1,4,10,637
1.219512195,0.998220092,0.069902604,27,24.2,2.315167381,1.025953866,0.073194534,1,4,10,638
1.219512195,1.003211562,0.068870624,27,23.65,1.981792118,1.026723381,0.069172132,1,4,10,639
1.219512195,1.007689893,0.065005964,27,23.9,2.071231518,1.025507956,0.080978752,1,4,10,640
1.219512195,1.021012776,0.075649496,27,23.9,2.071231518,1.061017442,0.080219782,1,4,10,641
1.219512195,1.021085888,0.071680009,27,23.5,1.802775638,1.054791771,0.079311949,1,4,10,642
1.219512195,0.999011078,0.075504955,27,23.7,1.95192213,1.027539672,0.085795677,1,4,10,643
1.219512195,1.010244459,0.071570124,27,23.25,1.639359631,1.042416589,0.077363357,1,5,10,644
1.219512195,1.024667932,0.059443634,27,23.8,2.13541565,1.04383682,0.073151043,1,4,10,645
1.219512195,1.008331895,0.064550056,27,23.15,1.681517172,1.038062216,0.072751314,1,4,10,646
1.219512195,1.00480358,0.086748506,27,22.8,1.503329638,1.034424642,0.106322432,1,5,10,647
1.219512195,1.005148782,0.068039264,27,23.1,1.445683229,1.039713869,0.065044513,1,4,10,648
1.219512195,1.012318608,0.059740137,27,22.8,1.469693846,1.035978723,0.073236829,1,6,10,649
1.219512195,1.014116627,0.06194191,23,22.3,0.458257569,1.046767968,0.067912173,1,6,10,650
1.219512195,1.019674565,0.07134822,23,22.35,0.476969601,1.039760721,0.074552747,1,3,10,651
1.219512195,1.000756642,0.07933274,24,22.4,0.583095189,1.024246872,0.092191973,1,5,10,652
1.219512195,1.020829296,0.061580416,23,22.2,0.4,1.05280805,0.069242829,1,5,10,653
1.219512195,0.992344325,0.083870083,23,22.4,0.489897949,1.003743961,0.112913961,1,4,10,654
1.219512195,1.023662305,0.058413952,23,22.35,0.476969601,1.049588463,0.06520031,1,4,10,655
1.219512195,1.030257706,0.067732486,23,22.2,0.4,1.045976049,0.078921226,1,5,10,656
1.219512195,1.017169137,0.090392569,23,22.2,0.4,1.033351765,0.105074469,1,4,10,657
1.219512195,1.018560911,0.062159394,23,22.2,0.4,1.036838837,0.074588082,1,4,10,658
1.219512195,1.010960882,0.06519336,23,22.3,0.458257569,1.033501375,0.073214182,1,6,10,659
1.219512195,1.000330504,0.069555117,23,22.1,0.3,1.036946959,0.066766859,1,4,10,660
1.219512195,1.033945411,0.069016349,23,22.1,0.3,1.073429032,0.06663985,1,5,10,661
1.219512195,1.036417014,0.054256766,23,22.1,0.3,1.070051878,0.053316137,1,4,10,662
1.219512195,1.038075855,0.064512157,23,22.05,0.217944947,1.071850169,0.066129995,1,6,10,663
1.219512195,1.036176173,0.059224359,23,22.1,0.3,1.066670564,0.06491454,1,5,10,664
1.219512195,1.029106757,0.059549403,23,22.2,0.4,1.047268329,0.07436947,1,4,10,665
1.219512195,1.025909463,0.0603255,23,22.2,0.4,1.04261844,0.071164381,1,5,10,666
1.219512195,1.033272728,0.069413984,23,22.2,0.4,1.067487123,0.070856136,1,4,10,667
1.219512195,1.041371903,0.064890514,23,22.2,0.4,1.066233017,0.079755423,1,6,10,668
1.219512195,1.030087307,0.066173518,23,22.4,0.489897949,1.060119118,0.073550064,1,4,10,669
1.219512195,1.024191929,0.061953807,23,22.6,0.489897949,1.061915475,0.05810846,1,10,10,670
1.219512195,1.029755819,0.064138451,23,22.3,0.458257569,1.067358192,0.057312169,1,4,10,671
1.219512195,1.031077736,0.057952473,23,22.4,0.489897949,1.062666754,0.059693612,1,4,10,672
1.219512195,1.023715318,0.062700089,23,22.25,0.433012702,1.043968251,0.068683116,1,5,10,673
1.219512195,1.00849093,0.060545961,23,22.2,0.4,1.032326485,0.070029029,1,6,10,674
1.219512195,1.014017868,0.065502311,23,22.3,0.458257569,1.038779202,0.074264709,1,4,10,675
1.219512195,1.028160594,0.063622412,23,22.4,0.489897949,1.05236795,0.077821918,1,4,10,676
1.219512195,1.02926298,0.07521441,23,22.45,0.497493719,1.065029493,0.076753817,1,7,10,677
1.219512195,1.00425372,0.081764107,23,22.25,0.433012702,1.05248199,0.078509816,1,6,10,678
1.219512195,1.049895234,0.060343901,23,22.3,0.458257569,1.059587937,0.071295412,1,7,10,679
1.219512195,1.025879346,0.058039969,23,22.4,0.489897949,1.043161304,0.07217208,1,4,10,680
1.219512195,1.015800767,0.070876715,23,22.4,0.489897949,1.052252668,0.065798528,1,5,10,681
1.219512195,1.034133573,0.063688466,23,22.4,0.489897949,1.063159515,0.073889156,1,5,10,682
1.219512195,1.019906456,0.061944729,23,22.4,0.489897949,1.035868363,0.072924472,1,4,10,683
1.219512195,1.02443191,0.058714934,23,22.5,0.5,1.045730253,0.066837496,1,4,10,684
1.219512195,1.023106659,0.060711584,23,22.6,0.489897949,1.046251832,0.069968941,1,4,10,685
1.219512195,1.023960465,0.056064926,23,22.55,0.497493719,1.053800468,0.062325691,1,5,10,686
1.219512195,1.028402219,0.063197407,23,22.5,0.5,1.067709223,0.059516068,1,4,10,687
1.219512195,1.013868959,0.060055032,23,22.4,0.489897949,1.044230982,0.066135512,1,4,10,688
1.219512195,1.032489268,0.059753443,23,22.4,0.489897949,1.060779238,0.059812137,1,4,10,689
1.219512195,1.032724083,0.054887578,23,22.4,0.489897949,1.066017786,0.05769219,1,4,10,690
1.219512195,1.034949141,0.055813796,23,22.3,0.458257569,1.060527666,0.061801807,1,4,10,691
1.219512195,1.021211959,0.059038579,23,22.45,0.497493719,1.046582035,0.065779515,1,4,10,692
1.219512195,1.01203744,0.060352786,25,22.65,0.726291952,1.01631132,0.077482793,1,6,10,693
1.219512195,0.985661872,0.082684417,25,22.7,0.9,1.026391734,0.08664172,1,6,10,694
1.219512195,1.005101214,0.078609415,25,22.85,0.852936105,1.016734983,0.098320386,1,4,10,695
1.219512195,0.99760902,0.087592145,26,22.85,1.013656747,1.018813085,0.101733423,1,6,10,696
1.219512195,1.012371148,0.061699182,25,22.85,0.852936105,1.044770742,0.068347441,1,4,10,697
1.219512195,1.019911374,0.062699399,25,22.8,0.871779789,1.050537324,0.063438008,1,4,10,698
1.219512195,1.023578506,0.07242191,23,22.6,0.489897949,1.051708545,0.083158683,1,6,10,699
1.219512195,1.009695358,0.070310819,23,22.6,0.489897949,1.038595693,0.083905837,1,4,10,700
1.219512195,1.003562848,0.058456005,24,22.65,0.572276157,1.016360819,0.075916289,1,4,10,701
1.219512195,1.01823941,0.071740196,24,22.8,0.678232998,1.045388932,0.085663112,1,6,10,702
1.219512195,0.997735885,0.088658462,24,22.4,0.663324958,1.025182507,0.103197694,1,4,10,703
1.219512195,1.03325788,0.066496293,24,22.3,0.640312424,1.059202366,0.07253859,1,6,10,704
1.219512195,1.015397484,0.072993937,24,22.6,0.8,1.047851744,0.079679241,1,8,10,705
1.219512195,1.024655752,0.067987539,24,22.45,0.668954408,1.059112721,0.077461402,1,5,10,706
1.219512195,1.010516666,0.082532516,24,22.5,0.806225775,1.036637979,0.106246602,1,4,10,707
1.219512195,1.013309902,0.070325071,24,22.4,0.734846923,1.031282896,0.088957191,1,5,10,708
1.219512195,1.023057491,0.060218332,24,22.6,0.8,1.04207929,0.066459495,1,4,10,709
1.219512195,1.020060243,0.061296825,24,22.4,0.663324958,1.051367277,0.066185705,1,4,10,710
1.219512195,1.014364893,0.063332811,24,22.4,0.734846923,1.037948223,0.076083781,1,7,10,711
1.219512195,0.999029142,0.071526168,25,22.7,1.004987562,1.043890011,0.064882271,1,4,10,712
1.219512195,1.000981407,0.068775525,25,22.8,1.077032961,1.028960038,0.074542765,1,4,10,713
1.219512195,1.01581371,0.080507999,25,22.8,1.077032961,1.030511927,0.094477594,1,7,10,714
1.219512195,0.991746244,0.082031265,25,22.6,1.067707825,1.019839469,0.093097663,1,5,10,715
1.219512195,1.014337886,0.078159693,25,22.7,1.1,1.057004671,0.086779227,1,4,10,716
1.219512195,1.004554043,0.081683638,25,22.35,0.852936105,1.029252599,0.083703056,1,11,10,717
1.219512195,1.022008466,0.087908076,25,22.7,1.1,1.064777294,0.085843409,1,4,10,718
1.219512195,1.006681111,0.089794153,25,23,1.264911064,1.045980511,0.098291878,1,4,10,719
1.219512195,1.013790374,0.072724661,25,22.5,1.024695077,1.051202422,0.078789978,1,4,10,720
1.219512195,1.03289307,0.061176805,25,22.65,1.152171862,1.045202375,0.071328944,1,5,10,721
1.219512195,1.017630326,0.063725767,25,22.7,1.228820573,1.037940713,0.078533228,1,8,10,722
1.219512195,1.011098992,0.080113002,25,23.4,1.428285686,1.03138992,0.101085023,1,4,10,723
1.219512195,0.988310153,0.092368515,25,22.8,1.2489996,0.987880355,0.111968919,1,9,10,724
1.219512195,0.994093299,0.074616921,25,22.75,1.299038106,1.016392866,0.079703772,1,6,10,725
1.219512195,1.008641831,0.066034899,26,23.4,1.562049935,1.034232477,0.07459566,1,4,10,726
1.219512195,1.005888633,0.068179981,26,23,1.549193338,1.049784945,0.060671073,1,4,10,727
1.219512195,1.041846083,0.055076133,26,23.4,1.743559577,1.075439948,0.060822806,1,4,10,728
1.219512195,1.022093255,0.068848245,26,23.2,1.568438714,1.043013018,0.082183482,1,5,10,729
1.219512195,1.020047552,0.085927957,26,22.9,1.577973384,1.046808517,0.106328746,1,5,10,730
1.219512195,1.003209939,0.087997177,26,23.8,1.833030278,1.037924059,0.091721218,1,4,10,731
1.219512195,1.032726479,0.07184831,26,23.8,1.833030278,1.072871966,0.073658328,1,4,10,732
1.219512195,1.025954784,0.05456041,26,23.15,1.681517172,1.04222577,0.067820829,1,4,10,733
1.219512195,1.030956553,0.066991605,26,23.5,1.857417562,1.04203091,0.069585142,1,4,10,734
1.219512195,1.027882904,0.070787263,27,23.75,1.971674415,1.064641413,0.064913016,1,5,10,735
1.219512195,1.042236762,0.059283163,27,23.5,1.910497317,1.073434884,0.063857919,1,4,10,736
1.219512195,1.036013623,0.065140711,27,23.9,2.165640783,1.053677208,0.08126362,1,5,10,737
1.219512195,1.013836901,0.077451823,27,24.65,2.242208732,1.04410434,0.090225686,1,4,10,738
1.219512195,1.022703367,0.068705948,27,24.2,2.271563338,1.066732216,0.068578833,1,4,10,739
1.219512195,1.031061554,0.04826815,27,24.2,2.271563338,1.050860464,0.061601794,1,4,10,740
1.219512195,1.009136131,0.071264959,27,23.7,2.147091055,1.05117459,0.060568024,1,4,10,741
1.219512195,1.029440429,0.061056212,27,23.55,2.155806114,1.058413502,0.059820087,1,4,10,742
1.219512195,1.009912022,0.081148293,27,23.8,2.227105745,1.049900729,0.067566041,1,4,10,743
1.219512195,1.026170874,0.06162402,27,22.9,1.813835715,1.061385685,0.067812332,1,4,10,744
1.219512195,1.026742668,0.057496719,27,23.4,2.154065923,1.059519979,0.061956502,1,4,10,745
1.219512195,1.019472485,0.055674367,27,23.65,2.264398375,1.049178988,0.063518636,1,4,10,746
1.219512195,1.02517101,0.054858358,27,24.4,2.416609195,1.04785372,0.06390818,1,6,10,747
1.219512195,1.042234808,0.06844707,27,23.4,2.154065923,1.073028302,0.077177319,1,4,10,748
1.219512195,1.023044995,0.068541628,27,23.3,2.002498439,1.050474646,0.079789899,1,4,10,749
1.219512195,1.027365618,0.05561423,28,23.45,2.246664194,1.047523398,0.063189005,1,6,10,750
1.219512195,1.027799871,0.055345987,27,24.3,2.32594067,1.050183748,0.06203431,1,4,10,751
1.219512195,1.029072374,0.053752626,27,23.4,2.154065923,1.052403675,0.06281141,1,5,10,752
1.219512195,1.040696928,0.058132443,27,23.3,2.002498439,1.060932044,0.067824413,1,8,10,753
1.219512195,1.02539528,0.055652554,27,22.95,1.909842925,1.046932672,0.071276538,1,7,10,754
1.219512195,1.034035002,0.05424999,27,22.9,1.813835715,1.063210697,0.05640192,1,4,10,755
1.219512195,1.017348785,0.065479231,27,23.3,2.002498439,1.051468954,0.063242556,1,4,10,756
1.219512195,1.031851338,0.06177299,27,23.4,2.154065923,1.068322811,0.063449381,1,4,10,757
1.219512195,1.025608061,0.068811071,27,23.25,1.920286437,1.059658524,0.068497435,1,4,10,758
1.219512195,1.041329401,0.058462974,27,23.7,2.1,1.070608286,0.063148015,1,4,10,759
1.219512195,1.028386986,0.070889825,27,23.7,2.1,1.064950312,0.06638927,1,4,10,760
1.219512195,1.026590866,0.057450327,27,23.85,2.056088519,1.049121519,0.061871077,1,4,10,761
1.219512195,1.028775684,0.066228605,26,23.6,1.959591794,1.049899296,0.075666991,1,6,10,762
1.219512195,1.027880016,0.070964741,26,22.8,1.6,1.065003392,0.073176647,1,4,10,763
1.219512195,1.019392126,0.060082303,26,23.6,1.959591794,1.050250899,0.06188429,1,5,10,764
1.219512195,1.005567718,0.07448237,26,23.15,1.768473918,1.023406644,0.08773337,1,4,10,765
1.219512195,1.02816198,0.063093282,26,22.8,1.6,1.061347187,0.072519187,1,8,10,766
1.219512195,1.007411979,0.076231918,26,23.2,1.833030278,1.048290251,0.080605976,1,4,10,767
1.219512195,1.027582134,0.054242507,26,23.2,1.833030278,1.037734609,0.066501439,1,6,10,768
1.219512195,1.010495688,0.071171699,26,22.4,1.2,1.039980914,0.075175484,1,4,10,769
1.219512195,0.993257067,0.072388012,26,22.8,1.6,1.030426472,0.067421733,1,4,10,770
1.219512195,1.013615835,0.054541043,26,22.85,1.58981131,1.037071019,0.066349836,1,4,10,771
1.219512195,1.023998699,0.058403922,26,22.55,1.203120942,1.046160006,0.066873181,1,6,10,772
1.219512195,1.033478662,0.056815034,26,22.85,1.58981131,1.065732475,0.055836507,1,4,10,773
1.219512195,1.023115674,0.070299842,26,22.4,1.2,1.052277865,0.087477986,1,6,10,774
1.219512195,1.025744734,0.056368824,26,22.6,1.428285686,1.034282461,0.074113482,1,7,10,775
1.219512195,1.028558328,0.071125545,26,22.8,1.6,1.060561358,0.075158786,1,5,10,776
1.219512195,1.042985962,0.061898603,26,22.4,1.2,1.069577656,0.068132666,1,4,10,777
1.219512195,1.031571743,0.063985036,26,22.4,1.2,1.057413437,0.074703333,1,5,10,778
1.219512195,1.021958419,0.069008204,26,22.4,1.2,1.059949411,0.077922051,1,4,10,779
1.219512195,1.029632388,0.075381478,26,22.4,1.2,1.06311802,0.072850633,1,8,10,780
1.219512195,1.044059034,0.065846735,26,22.6,1.428285686,1.087509365,0.061282996,1,4,10,781
1.219512195,1.022198289,0.079588137,26,22.45,1.203120942,1.044173914,0.095088026,1,4,10,782
1.219512195,1.018075763,0.061731331,26,22.4,1.2,1.027845664,0.081620208,1,5,10,783
1.219512195,1.005044978,0.068387173,26,22.8,1.6,1.032902652,0.085308253,1,5,10,784
1.219512195,1.016893122,0.075606217,26,22.8,1.6,1.050326405,0.064680222,1,4,10,785
1.219512195,1.01190772,0.068910167,26,23.2,1.833030278,1.045240732,0.065658021,1,4,10,786
1.219512195,1.043800168,0.079107843,26,23.6,1.959591794,1.034391045,0.100851268,1,8,10,787
1.219512195,1.028072784,0.08055977,26,22.45,1.203120942,1.0831269,0.073905478,1,4,10,788
1.219512195,1.044653954,0.07225758,26,22.8,1.6,1.074936351,0.078761291,1,6,10,789
1.219512195,1.025930073,0.077658014,27,23.65,2.031624965,1.054559598,0.0949364,1,8,10,790
1.219512195,1.030199233,0.083320994,26,22.4,1.2,1.067113541,0.088037227,1,5,10,791
1.219512195,1.028286405,0.073980658,26,23,1.732050808,1.067431105,0.082223369,1,4,10,792
1.219512195,1.029427838,0.071824801,26,22.85,1.58981131,1.061194994,0.083818292,1,4,10,793
1.219512195,1.01969398,0.083394937,26,22.9,1.577973384,1.052631045,0.090640307,1,5,10,794
1.219512195,1.013100146,0.076301416,26,22.5,1.204159458,1.047805781,0.068158861,1,4,10,795
1.219512195,1.025253513,0.078176229,26,22.6,1.2,1.050989023,0.069331062,1,4,10,796
1.219512195,1.013727676,0.064801982,26,22.5,1.204159458,1.023664661,0.089601581,1,5,10,797
1.219512195,1.005020316,0.075874954,26,22.7,1.417744688,1.033933041,0.074623626,1,4,10,798
1.219512195,1.013527349,0.077979567,26,23.15,1.681517172,1.027556603,0.079865564,1,5,10,799
1.219512195,1.000594589,0.073778541,26,22.6,1.2,1.032977304,0.081599307,1,4,10,800
1.219512195,1.016199969,0.060996817,26,22.9,1.577973384,1.034386702,0.076531926,1,4,10,801
1.219512195,1.015641757,0.081273337,26,23.3,1.791647287,1.036595353,0.098715518,1,5,10,802
1.219512195,1.015281062,0.066593654,26,23,1.549193338,1.047371371,0.076264652,1,4,10,803
1.219512195,1.020504381,0.079773721,26,22.65,1.194780315,1.061216877,0.075885151,1,4,10,804
1.219512195,1.018329096,0.066025318,26,22.6,1.2,1.043268821,0.070784138,1,3,10,805
1.219512195,0.976164621,0.078599714,26,22.6,1.2,1.01149539,0.074714583,1,4,10,806
1.219512195,0.996926152,0.069598584,26,22.65,1.194780315,1.002789662,0.093322936,1,6,10,807
1.219512195,1.008399175,0.069959072,26,22.7,1.187434209,1.01663029,0.081606837,1,10,10,808
1.219512195,1.007863484,0.065459255,26,23.05,1.321930407,1.035060069,0.075402478,1,5,10,809
1.219512195,1.013722297,0.0638625,26,22.6,1.2,1.047247041,0.067525179,1,8,10,810
1.219512195,1.033865364,0.051544847,26,23.15,1.492481156,1.051666581,0.062192989,1,4,10,811
1.219512195,1.021878779,0.064158493,26,23.1,1.513274595,1.057527477,0.063404237,1,4,10,812
1.219512195,1.016474583,0.075958268,26,22.7,1.187434209,1.0561675,0.084462877,1,6,10,813
1.219512195,1.032066676,0.0555288,26,23.15,1.492481156,1.057786421,0.063996728,1,4,10,814
1.219512195,1.012441048,0.071417552,26,22.7,1.187434209,1.020689757,0.095759668,1,5,10,815
1.219512195,1.029517507,0.053486026,26,23.1,1.513274595,1.050754134,0.063120848,1,4,10,816
1.219512195,1.019920122,0.05717602,26,23.1,1.513274595,1.048288567,0.063591616,1,4,10,817
1.219512195,1.015406023,0.059411623,26,23.5,1.688194302,1.045919564,0.066278527,1,4,10,818
1.219512195,1.045476363,0.061296928,26,23.05,1.564448785,1.055324439,0.076010761,1,4,10,819
1.219512195,1.031024109,0.0647709,26,22.75,1.177921899,1.067667782,0.068711032,1,4,10,820
1.219512195,1.037663805,0.060924909,26,23.15,1.52561463,1.071215471,0.065524665,1,6,10,821
1.219512195,1.030368261,0.067545806,26,23.3,1.486606875,1.05694957,0.082316145,1,4,10,822
1.219512195,1.042511795,0.067678485,26,23.6,1.685229955,1.070151505,0.079414642,1,10,10,823
1.219512195,1.044458493,0.068012503,26,22.4,0.916515139,1.068564123,0.082898722,1,6,10,824
1.219512195,1.033380234,0.069168217,26,22.6,1.2,1.073630912,0.077052083,1,4,10,825
1.219512195,1.037818072,0.067894358,26,22.9,1.577973384,1.073367421,0.075813087,1,4,10,826
1.219512195,1.037007649,0.079926599,26,22.9,1.577973384,1.082305632,0.070145377,1,4,10,827
1.219512195,1.03862901,0.064364787,26,22.5,1.204159458,1.073488937,0.063850111,1,4,10,828
1.219512195,1.021028934,0.070102469,26,22.9,1.577973384,1.055324937,0.071707396,1,4,10,829
1.219512195,1.044328294,0.053736235,26,23.05,1.532155345,1.068808656,0.06451704,1,4,10,830
1.219512195,1.034877954,0.070536498,26,23.4,1.743559577,1.078588078,0.060465576,1,4,10,831
1.219512195,1.010730717,0.06120103,26,22.9,1.577973384,1.037305431,0.069847451,1,4,10,832
1.219512195,1.038470328,0.061601169,26,22.9,1.577973384,1.05941307,0.071149834,1,6,10,833
1.219512195,1.010221497,0.080830843,26,23.05,1.532155345,1.045179901,0.095228039,1,5,10,834
1.219512195,1.026637256,0.06868592,26,23.5,1.857417562,1.051129314,0.084638351,1,4,10,835
1.219512195,1.015860795,0.071375103,26,22.95,1.564448785,1.048466668,0.0775257,1,3,10,836
1.219512195,1.023214482,0.079958181,26,22.9,1.577973384,1.051233125,0.079247597,1,4,10,837
1.219512195,1.010613512,0.070474659,26,22.5,1.204159458,1.039957456,0.08301829,1,3,10,838
1.219512195,1.002097884,0.065777126,27,22.55,1.359227722,1.028323575,0.072152743,1,5,10,839
1.219512195,1.015079243,0.054757258,27,23,1.788854382,1.036618557,0.066827084,1,8,10,840
1.219512195,1.018842798,0.060950083,26,22.7,1.187434209,1.033054506,0.076754245,1,4,10,841
1.219512195,1.001398983,0.068406841,26,23,1.549193338,1.035632729,0.067753523,1,4,10,842
1.219512195,1.027279411,0.056420411,26,22.9,1.577973384,1.058185455,0.058352786,1,6,10,843
1.219512195,1.019547485,0.059690445,26,23,1.549193338,1.051365102,0.06687502,1,4,10,844
1.219512195,1.006730534,0.061613667,26,23.6,1.8,1.042152281,0.065461415,1,4,10,845
1.219512195,1.025259089,0.067404042,26,24.1,1.920937271,1.059683049,0.061657383,1,8,10,846
1.219512195,1.017680676,0.060381275,26,23,1.549193338,1.046347667,0.066606768,1,4,10,847
1.219512195,1.017362694,0.072093387,26,23.2,1.661324773,1.052525969,0.077303011,1,4,10,848
1.219512195,1.026151181,0.065509221,27,23,1.673320053,1.062446213,0.070609813,1,4,10,849
1.219512195,1.019827891,0.053104355,26,22.6,1.2,1.034541322,0.071050088,1,4,10,850
1.219512195,1.0225685,0.055187219,26,22.65,1.194780315,1.041472331,0.066275464,1,6,10,851
1.219512195,1.029967363,0.056601682,26,23.15,1.492481156,1.057129948,0.059681071,1,4,10,852
1.219512195,1.021248385,0.060083596,26,22.8,1.166190379,1.04196997,0.070631498,1,4,10,853
1.219512195,1.035002745,0.066171607,26,22.8,1.166190379,1.071011649,0.071919348,1,6,10,854
1.219512195,1.051108881,0.055775883,26,23.1,1.513274595,1.072216262,0.064601337,1,4,10,855
1.219512195,1.02601878,0.071793339,26,22.85,1.152171862,1.060524303,0.081304331,1,4,10,856
1.219512195,1.045135384,0.055972986,26,22.8,1.166190379,1.074355154,0.062172375,1,4,10,857
1.219512195,1.034582513,0.058986828,26,23.1,1.513274595,1.056232144,0.073598864,1,4,10,858
1.219512195,1.026273091,0.066463614,26,22.8,1.166190379,1.043420714,0.083550624,1,6,10,859
1.219512195,1.052350595,0.05320545,26,23.2,1.469693846,1.066647733,0.067195047,1,6,10,860
1.219512195,1.028859495,0.061022687,26,23.15,1.492481156,1.066955326,0.055949445,1,4,10,861
1.219512195,1.040127438,0.059683016,26,23.55,1.657558445,1.066635173,0.062137338,1,5,10,862
1.219512195,1.017590321,0.059431858,26,23.55,1.657558445,1.048403374,0.064403603,1,4,10,863
1.219512195,1.009001032,0.069389487,26,23.8,1.833030278,1.050429773,0.063250357,1,7,10,864
1.219512195,1.012210452,0.061963499,26,23.15,1.492481156,1.039569308,0.070575047,1,4,10,865
1.219512195,1.013556151,0.062129176,26,22.7,1.187434209,1.030430275,0.073139297,1,8,10,866
1.219512195,1.024908039,0.052974008,26,23.2,1.469693846,1.041572898,0.066998241,1,4,10,867
1.219512195,1.012693027,0.063368355,26,23.45,1.716828471,1.027107144,0.077500059,1,6,10,868
1.219512195,1.036322601,0.053834789,26,23.35,1.58981131,1.044841458,0.071560887,1,4,10,869
1.219512195,1.031435726,0.061330298,26,23.2,1.469693846,1.056640988,0.063393275,1,4,10,870
1.219512195,1.01527072,0.067901564,26,23.4,1.356465997,1.036906277,0.08517898,1,5,10,871
1.219512195,1.021424163,0.077481586,26,23.7,1.584297952,1.050422168,0.064825575,1,6,10,872
1.219512195,1.020655904,0.067211848,26,23,1.183215957,1.066088798,0.056515957,1,4,10,873
1.219512195,1.023045559,0.06207247,26,23.1,1.513274595,1.058393861,0.059359783,1,4,10,874
